M_flight,Me_t,u,u_e,f,Specific_Thrust,TSFC,T04,A_exit_A_throat,eta_th,eta_p,eta_0
1,1.01967001145065,299.504012660932,887.231202303115,0.06,640.961061780369,9.36094305531457e-05,2323.71811224861,1.00032879062754,0.144323121147412,0.515559357730572,0.0744071356444312
1.00500500500501,1.0247139242262,301.00303174332,891.043626198092,0.06,643.503212026659,9.32396278350113e-05,2324.08519992848,1.00051773243339,0.145541364980014,0.515840502964336,0.0750761309134063
1.01001001001001,1.02975701978231,302.502050825707,894.848231579862,0.06,646.037074648948,9.28739268293598e-05,2324.45412029771,1.00074872973517,0.146761834934408,0.516122659255376,0.0757471085235453
1.01501501501502,1.03479929570307,304.001069908094,898.645012456319,0.06,648.562643295605,9.25122663481143e-05,2324.82487335631,1.00102146570618,0.14798449213413,0.51640582184426,0.0764200532807307
1.02002002002002,1.03984074959106,305.500088990481,902.433963134368,0.06,651.079911931949,9.21545864039362e-05,2325.19745910428,1.00133563209713,0.149209297851611,0.516689985970481,0.0770949500136142
1.02502502502503,1.0448813790673,306.999108072868,906.215078218099,0.06,653.588874838317,9.18008281809304e-05,2325.57187754161,1.00169092903952,0.150436213510017,0.516975146872654,0.0777717835743072
1.03003003003003,1.04992118177122,308.498127155255,909.988352606948,0.06,656.08952660811,9.14509340062041e-05,2325.94812866831,1.00208706485487,0.151665200685044,0.517261299788714,0.0784505388390619
1.03503503503504,1.05496015536067,309.997146237642,913.753781493842,0.06,658.581862145831,9.11048473222515e-05,2326.32621248437,1.00252375586945,0.15289622110668,0.517548439956101,0.0791312007089455
1.04004004004004,1.05999829751184,311.496165320029,917.511360363335,0.06,661.065876665106,9.07625126601351e-05,2326.7061289898,1.00300072623453,0.154129236660938,0.517836562611958,0.0798137541105053
1.04504504504505,1.06503560591924,312.995184402416,921.261084989737,0.06,663.541565686705,9.04238756134372e-05,2327.08787818459,1.00351770775181,0.155364209391541,0.518125662993322,0.0804981839964256
1.05005005005005,1.0700720782957,314.494203484803,925.002951435222,0.06,666.008925036533,9.00888828129575e-05,2327.47146006875,1.00407443970392,0.156601101501582,0.518415736337307,0.081184475346176
1.05505505505506,1.0751077123723,315.99322256719,928.736956047939,0.06,668.467950843626,8.9757481902129e-05,2327.85687464228,1.00467066868981,0.157839875355145,0.518706777881296,0.0818726131666525
1.06006006006006,1.08014250589835,317.492241649577,932.4630954601,0.06,670.918639538129,8.94296215131315e-05,2328.24412190517,1.00530614846486,0.159080493478888,0.518998782863127,0.0825625824928082
1.06506506506507,1.08517645664136,318.991260731964,936.181366586064,0.06,673.360987849264,8.91052512436782e-05,2328.63320185742,1.0059806397856,0.160322918563597,0.519291746521273,0.0832543683882781
1.07007007007007,1.09020956238701,320.490279814351,939.891766620414,0.06,675.794992803288,8.87843216344531e-05,2329.02411449904,1.00669391025882,0.1615671134657,0.519585664095034,0.0839479559459934
1.07507507507508,1.0952418209391,321.989298896738,943.59429303602,0.06,678.220651721443,8.84667841471791e-05,2329.41685983003,1.00744573419497,0.162813041208748,0.519880530824708,0.0846433302887893
1.08008008008008,1.1002732301195,323.488317979125,947.288943582097,0.06,680.637962217898,8.81525911432952e-05,2329.81143785038,1.00823589246567,0.164060664984863,0.52017634195178,0.0853404765700028
1.08508508508509,1.10530378776818,324.987337061512,950.975716282256,0.06,683.046922197679,8.78416958632244e-05,2330.20784856009,1.00906417236532,0.165309948156149,0.520473092719095,0.0860393799740642
1.09009009009009,1.11033349174307,326.486356143899,954.654609432537,0.06,685.44752985459,8.75340524062117e-05,2330.60609195917,1.00993036747649,0.166560854256069,0.520770778371039,0.0867400257170781
1.0950950950951,1.11536233992011,327.985375226286,958.325621599449,0.06,687.839783669129,8.72296157107157e-05,2331.00616804762,1.0108342775391,0.167813346990791,0.521069394153713,0.0874423990473981
1.1001001001001,1.12039033019316,329.484394308673,961.988751617995,0.06,690.223682406402,8.69283415353346e-05,2331.40807682543,1.01177570832326,0.169067390240498,0.521368935315107,0.088146485246192
1.10510510510511,1.12541746047399,330.98341339106,965.643998589691,0.06,692.599225114012,8.66301864402507e-05,2331.81181829261,1.01275447150559,0.170322948060664,0.521669397105275,0.0888522696279997
1.11011011011011,1.1304437286922,332.482432473448,969.291361880573,0.06,694.96641111996,8.63351077691771e-05,2332.21739244915,1.01377038454899,0.171579984683297,0.521970774776505,0.0895597375412815
1.11511511511512,1.13546913279525,333.981451555835,972.930841119213,0.06,697.325240030531,8.60430636317897e-05,2332.62479929506,1.01482327058568,0.17283846451815,0.522273063583489,0.0902688743689602
1.12012012012012,1.14049367074831,335.480470638222,976.562436194711,0.06,699.675711728172,8.57540128866305e-05,2333.03403883033,1.01591295830343,0.174098352153895,0.522576258783492,0.0909796655289534
1.12512512512513,1.14551734053434,336.979489720609,980.186147254696,0.06,702.017826369369,8.5467915124467e-05,2333.44511105497,1.01703928183497,0.175359612359272,0.522880355636518,0.091692096474698
1.13013013013013,1.15054014015393,338.478508802996,983.801974703313,0.06,704.351584382516,8.51847306520936e-05,2333.85801596897,1.01820208065026,0.176622210084195,0.523185349405477,0.0924061526956672
1.13513513513514,1.15556206762536,339.977527885383,987.409919199212,0.06,706.676986465782,8.49044204765614e-05,2334.27275357234,1.01940119945182,0.177886110460837,0.523491235356349,0.0931218197178793
1.14014014014014,1.16058312098447,341.47654696777,991.009981653523,0.06,708.994033584964,8.46269462898234e-05,2334.68932386508,1.0206364880728,0.17915127880467,0.523798008758343,0.0938390831043972
1.14514514514515,1.16560329828466,342.975566050157,994.602163227838,0.06,711.302726971352,8.43522704537818e-05,2335.10772684718,1.02190780137777,0.180417680615488,0.524105664884066,0.0945579284558215
1.15015015015015,1.17062259759685,344.474585132544,998.186465332183,0.06,713.60306811957,8.40803559857264e-05,2335.52796251864,1.02321499916624,0.181685281578384,0.524414199009672,0.095278341410775
1.15515515515516,1.17564101700941,345.973604214931,1001.76288962299,0.06,715.895058785434,8.38111665441499e-05,2335.95003087947,1.02455794607868,0.182954047564704,0.524723606415031,0.0960003076463785
1.16016016016016,1.18065855462812,347.472623297318,1005.33143800104,0.06,718.178700983788,8.35446664149324e-05,2336.37393192967,1.02593651150504,0.184223944632969,0.525033882383875,0.0967238128787197
1.16516516516517,1.18567520857612,348.971642379705,1008.89211260949,0.06,720.453996986349,8.32808204978795e-05,2336.79966566923,1.02735056949573,0.185494939029763,0.525345022203962,0.0974488428633137
1.17017017017017,1.19069097699386,350.470661462092,1012.44491583174,0.06,722.720949319548,8.30195942936078e-05,2337.22723209815,1.02879999867495,0.186766997190594,0.525657021167226,0.0981753833955555
1.17517517517518,1.19570585803909,351.969680544479,1015.98985028947,0.06,724.97956076236,8.2760953890764e-05,2337.65663121644,1.03028468215619,0.188040085740719,0.525969874569928,0.0989034203111645
1.18018018018018,1.20071984988673,353.468699626866,1019.52691884058,0.06,727.229834344143,8.25048659535694e-05,2338.0878630241,1.03180450746012,0.189314171495946,0.526283577712806,0.0996329394866223
1.18518518518519,1.2057329507289,354.967718709253,1023.0561245771,0.06,729.471773342472,8.22512977096802e-05,2338.52092752112,1.03335936643444,0.1905892214634,0.526598125901231,0.100363926839601
1.19019019019019,1.21074515877483,356.46673779164,1026.57747082321,0.06,731.705381280963,8.2000216938354e-05,2338.95582470751,1.03494915517595,0.191865202842262,0.526913514445343,0.101096368329385
1.1951951951952,1.21575647225081,357.965756874027,1030.09096113315,0.06,733.93066192711,8.1751591958913e-05,2339.39255458326,1.03657377395453,0.193142083024479,0.527229738660209,0.101830249957284
1.2002002002002,1.22076688940016,359.464775956414,1033.59659928917,0.06,736.147619290111,8.15053916194959e-05,2339.83111714838,1.03823312713922,0.194419829595442,0.52754679386596,0.102565557767042
1.20520520520521,1.22577640848313,360.963795038801,1037.09438929953,0.06,738.356257618696,8.12615852860902e-05,2340.27151240286,1.03992712312602,0.195698410334639,0.527864675387936,0.103302277845229
1.21021021021021,1.2307850277769,362.462814121189,1040.58433539636,0.06,740.556581398957,8.10201428318365e-05,2340.71374034671,1.04165567426772,0.196977793216275,0.52818337855683,0.104040396321641
1.21521521521522,1.23579274557553,363.961833203576,1044.06644203373,0.06,742.748595352175,8.07810346265965e-05,2341.15780097993,1.0434186968054,0.198257946409868,0.528502898708824,0.104779899369674
1.22022022022022,1.24079956018984,365.460852285963,1047.54071388549,0.06,744.932304432652,8.05442315267783e-05,2341.6036943025,1.04521611080171,0.199538838280813,0.528823231185732,0.105520773206707
1.22522522522523,1.24580546994742,366.95987136835,1051.00715584329,0.06,747.107713825534,8.03097048654102e-05,2342.05142031445,1.04704784007592,0.20082043739092,0.529144371335134,0.106263004094465
1.23023023023023,1.25081047319257,368.458890450737,1054.46577301451,0.06,749.274828944649,8.00774264424575e-05,2342.50097901576,1.04891381214045,0.202102712498926,0.529466314510514,0.107006578339384
1.23523523523524,1.2558145682862,369.957909533124,1057.91657072024,0.06,751.433655430331,7.98473685153737e-05,2342.95237040643,1.05081395813921,0.203385632560973,0.529789056071391,0.107751482292961
1.24024024024024,1.26081775360583,371.456928615511,1061.35955449318,0.06,753.58419914726,7.96195037898814e-05,2343.40559448647,1.05274821278727,0.204669166731072,0.530112591383456,0.108497702352101
1.24524524524525,1.26582002754549,372.955947697898,1064.79473007565,0.06,755.726466182291,7.93938054109742e-05,2343.86065125588,1.05471651431226,0.205953284361522,0.5304369158187,0.109245224959457
1.25025025025025,1.27082138851569,374.454966780285,1068.22210341753,0.06,757.860462842295,7.91702469541357e-05,2344.31754071465,1.05671880439704,0.20723795500332,0.530762024755546,0.109994036603761
1.25525525525526,1.27582183494337,375.953985862672,1071.64168067421,0.06,759.986195651994,7.89488024167674e-05,2344.77626286279,1.05875502812397,0.208523148406534,0.531087913578976,0.110744123820146
1.26026026026026,1.28082136527182,377.453004945059,1075.05346820459,0.06,762.103671351807,7.8729446209822e-05,2345.23681770029,1.06082513392044,0.209808834520656,0.531414577680658,0.111495473190466
1.26526526526527,1.28581997796062,378.952024027446,1078.457472569,0.06,764.212896895689,7.85121531496342e-05,2345.69920522715,1.06292907350581,0.211094983494923,0.53174201245907,0.112248071343604
1.27027027027027,1.2908176714856,380.451043109833,1081.85370052718,0.06,766.313879448983,7.82968984499445e-05,2346.16342544339,1.06506680183964,0.212381565678617,0.532070213319628,0.113001904955778
1.27527527527528,1.2958144443388,381.95006219222,1085.24215903631,0.06,768.406626386266,7.80836577141111e-05,2346.62947834898,1.06723827707124,0.213668551621343,0.532399175674804,0.113756960750833
1.28028028028028,1.30081029502836,383.449081274607,1088.62285524888,0.06,770.491145289207,7.78724069275044e-05,2347.09736394395,1.0694434604904,0.214955912073275,0.532728894944252,0.11451322550053
1.28528528528529,1.30580522207849,384.948100356994,1091.99579651077,0.06,772.567443944421,7.76631224500789e-05,2347.56708222827,1.07168231647936,0.21624361798538,0.53305936655492,0.115270686024831
1.29029029029029,1.31079922402944,386.447119439381,1095.36099035917,0.06,774.635530341334,7.74557810091175e-05,2348.03863320197,1.07395481246596,0.217531640509623,0.533390585941176,0.116029329192173
1.2952952952953,1.31579229943736,387.946138521768,1098.71844452058,0.06,776.695412670048,7.72503596921447e-05,2348.51201686503,1.07626091887791,0.218819950999139,0.53372254854492,0.116789141919735
1.3003003003003,1.32078444687434,389.445157604155,1102.06816690883,0.06,778.747099319208,7.70468359400027e-05,2348.98723321745,1.07860060909821,0.220108521008391,0.534055249815701,0.117550111173701
1.30530530530531,1.32577566492828,390.944176686542,1105.41016562304,0.06,780.790598873877,7.68451875400871e-05,2349.46428225924,1.0809738594216,0.221397322293294,0.53438868521083,0.118312223969512
1.31031031031031,1.33076595220284,392.44319576893,1108.74444894562,0.06,782.825920113425,7.66453926197366e-05,2349.94316399039,1.08338064901213,0.222686326811328,0.534722850195492,0.119075467372118
1.31531531531532,1.33575530731739,393.942214851317,1112.0710253403,0.06,784.853072009398,7.64474296397754e-05,2350.42387841091,1.08582095986168,0.223975506721617,0.53505774024286,0.119839828496218
1.32032032032032,1.34074372890698,395.441233933704,1115.38990345012,0.06,786.87206372342,7.62512773882001e-05,2350.9064255208,1.08829477674954,0.225264834384992,0.5353933508342,0.120605294506492
1.32532532532533,1.3457312156222,396.940253016091,1118.70109209545,0.06,788.882904605085,7.60569149740113e-05,2351.39080532005,1.09080208720295,0.226554282364032,0.535729677458981,0.121371852617834
1.33033033033033,1.3507177661292,398.439272098478,1122.00460027201,0.06,790.885604189855,7.58643218211831e-05,2351.87701780867,1.09334288145855,0.227843823423078,0.536066715614983,0.12213949009557
1.33533533533534,1.35570337910958,399.938291180865,1125.3004371489,0.06,792.880172196971,7.56734776627691e-05,2352.36506298665,1.0959171524248,0.229133430528234,0.536404460808401,0.122908194255677
1.34034034034034,1.36068805326033,401.437310263252,1128.58861206662,0.06,794.866618527363,7.54843625351396e-05,2352.85494085399,1.09852489564527,0.230423076847335,0.536742908553949,0.123677952464989
1.34534534534535,1.36567178729379,402.936329345639,1131.8691345351,0.06,796.844953261572,7.52969567723477e-05,2353.3466514107,1.10116610926282,0.231712735749904,0.537082054374962,0.124448752141401
1.35035035035035,1.37065457993757,404.435348428026,1135.14201423179,0.06,798.81518665767,7.51112410006206e-05,2353.84019465678,1.1038407939846,0.233002380807085,0.537421893803498,0.125220580754067
1.35535535535536,1.3756364299345,405.934367510413,1138.40726099964,0.06,800.777329149201,7.49271961329724e-05,2354.33557059222,1.10654895304791,0.234291985791553,0.537762422380437,0.125993425823589
1.36036036036036,1.38061733604256,407.4333865928,1141.6648848452,0.06,802.731391343108,7.47448033639368e-05,2354.83277921703,1.1092905921869,0.235581524677409,0.53810363565558,0.126767274922199
1.36536536536537,1.3855972970348,408.932405675187,1144.91489593668,0.06,804.67738401769,7.45640441644138e-05,2355.3318205312,1.11206571959997,0.23687097164005,0.538445529187745,0.127542115673942
1.37037037037037,1.39057631169929,410.431424757574,1148.15730460201,0.06,806.615318120551,7.43849002766307e-05,2355.83269453474,1.114874345918,0.238160301056021,0.538788098544864,0.128317935754846
1.37537537537538,1.39555437883909,411.930443839961,1151.3921213269,0.06,808.545204766555,7.42073537092133e-05,2356.33540122765,1.11771648417334,0.239449487502848,0.539131339304076,0.129094722893085
1.38038038038038,1.40053149727211,413.429462922348,1154.61935675297,0.06,810.467055235802,7.40313867323617e-05,2356.83994060992,1.12059214976949,0.240738505758857,0.539475247051819,0.129872464869145
1.38538538538539,1.40550766583112,414.928482004735,1157.83902167578,0.06,812.380880971596,7.38569818731342e-05,2357.34631268155,1.12350136045148,0.242027330802963,0.539819817383924,0.130651149515974
1.39039039039039,1.41048288336364,416.427501087122,1161.05112704298,0.06,814.286693578435,7.36841219108299e-05,2357.85451744255,1.12644413627702,0.243315937814452,0.540165045905705,0.131430764719133
1.3953953953954,1.4154571487319,417.926520169509,1164.25568395236,0.06,816.184504819995,7.35127898724721e-05,2358.36455489291,1.12942049958823,0.244604302172735,0.540510928232043,0.132211298416936
1.4004004004004,1.42043046081275,419.425539251896,1167.45270365003,0.06,818.074326617132,7.33429690283884e-05,2358.87642503264,1.13243047498412,0.245892399457093,0.540857459987481,0.13299273860059
1.40540540540541,1.42540281849763,420.924558334283,1170.64219752847,0.06,819.956171045892,7.31746428878841e-05,2359.39012786174,1.1354740892936,0.2471802054464,0.541204636806304,0.133775073314326
1.41041041041041,1.43037422069246,422.423577416671,1173.82417712471,0.06,821.83005033552,7.30077951950095e-05,2359.9056633802,1.13855137154925,0.248467696118827,0.541552454332627,0.134558290655524
1.41541541541542,1.43534466631761,423.922596499058,1176.99865411844,0.06,823.69597686649,7.28424099244146e-05,2360.42303158803,1.14166235296162,0.249754847651534,0.541900908220478,0.135342378774833
1.42042042042042,1.44031415430784,425.421615581445,1180.16564033017,0.06,825.553963168532,7.26784712772936e-05,2360.94223248522,1.14480706689408,0.251041636420337,0.542249994133879,0.136127325876287
1.42542542542543,1.44528268361219,426.920634663832,1183.32514771935,0.06,827.404021918679,7.25159636774126e-05,2361.46326607177,1.14798554883841,0.252328038999371,0.54259970774693,0.136913120217414
1.43043043043043,1.45025025319396,428.419653746219,1186.47718838258,0.06,829.246165939311,7.23548717672228e-05,2361.9861323477,1.15119783639078,0.253614032160722,0.542950044743884,0.137699750109341
1.43543543543544,1.45521686203061,429.918672828606,1189.62177455172,0.06,831.080408196222,7.21951804040527e-05,2362.51083131298,1.1544439692284,0.254899592874058,0.543301000819229,0.13848720391689
1.44044044044044,1.46018250911374,431.417691910993,1192.75891859214,0.06,832.906761796678,7.20368746563816e-05,2363.03736296764,1.15772398908666,0.256184698306232,0.543652571677765,0.139275470058675
1.44544544544545,1.46514719344895,432.91671099338,1195.88863300083,0.06,834.725239987504,7.18799398001889e-05,2363.56572731165,1.16103793973682,0.257469325820875,0.544004753034678,0.14006453700719
1.45045045045045,1.47011091405585,434.415730075767,1199.01093040465,0.06,836.535856153163,7.17243613153798e-05,2364.09592434504,1.16438586696419,0.258753452977975,0.544357540615614,0.140854393288889
1.45545545545546,1.47507366996795,435.914749158154,1202.1258235585,0.06,838.338623813858,7.15701248822841e-05,2364.62795406778,1.16776781854684,0.260037057533442,0.544710930156757,0.141645027484267
1.46046046046046,1.4800354602326,437.413768240541,1205.23332534356,0.06,840.133556623635,7.14172163782275e-05,2365.1618164799,1.17118384423478,0.26132011743865,0.545064917404894,0.142436428227935
1.46546546546547,1.48499628391093,438.912787322928,1208.3334487655,0.06,841.920668368498,7.12656218741725e-05,2365.69751158138,1.17463399572963,0.262602610839974,0.545419498117493,0.143228584208682
1.47047047047047,1.48995614007779,440.411806405315,1211.42620695269,0.06,843.699972964535,7.11153276314282e-05,2366.23503937222,1.17811832666474,0.263884516078313,0.545774668062768,0.144021484169545
1.47547547547548,1.49491502782166,441.910825487702,1214.51161315449,0.06,845.471484456053,7.09663200984264e-05,2366.77439985243,1.1816368925858,0.265165811688588,0.546130423019747,0.144815116907863
1.48048048048048,1.49987294624461,443.409844570089,1217.58968073945,0.06,847.235217013723,7.08185859075641e-05,2367.31559302201,1.18518975093183,0.266446476399245,0.546486758778342,0.145609471275334
1.48548548548549,1.50482989446219,444.908863652476,1220.66042319359,0.06,848.991184932733,7.06721118721084e-05,2367.85861888095,1.18877696101669,0.267726489131724,0.546843671139415,0.146404536178059
1.49049049049049,1.50978587160344,446.407882734863,1223.7238541187,0.06,850.739402630958,7.0526884983165e-05,2368.40347742925,1.19239858401098,0.269005828999932,0.54720115591484,0.147200300576592
1.4954954954955,1.51474087681073,447.90690181725,1226.77998723055,0.06,852.479884647128,7.03828924067061e-05,2368.95016866692,1.19605468292429,0.270284475309692,0.547559208927567,0.147996753485977
1.5005005005005,1.51969490923977,449.405920899637,1229.82883635722,0.06,854.212645639019,7.02401214806592e-05,2369.49869259396,1.19974532258797,0.271562407558189,0.547917826011686,0.148793883975783
1.50550550550551,1.52464796805949,450.904939982024,1232.87041543743,0.06,855.93770038165,7.00985597120525e-05,2370.04904921036,1.2034705696382,0.272839605433395,0.54827700301249,0.149591681170132
1.51051051051051,1.52960005245201,452.403959064411,1235.90473851877,0.06,857.655063765482,6.99581947742181e-05,2370.60123851613,1.20723049249951,0.274116048813484,0.548636735786528,0.15039013424773
1.51551551551552,1.53455116161255,453.902978146799,1238.93181975608,0.06,859.364750794644,6.98190145040494e-05,2371.15526051126,1.21102516136863,0.275391717766244,0.548997020201671,0.151189232441888
1.52052052052052,1.53950129474936,455.401997229186,1241.95167340975,0.06,861.066776585153,6.96810068993138e-05,2371.71111519576,1.21485464819875,0.276666592548464,0.549357852137169,0.151988965040533
1.52552552552553,1.54445045108367,456.901016311573,1244.96431384409,0.06,862.761156363158,6.95441601160176e-05,2372.26880256962,1.21871902668412,0.277940653605319,0.5497192274837,0.152789321386231
1.53053053053053,1.54939862984963,458.40003539396,1247.96975552561,0.06,864.447905463186,6.9408462465822e-05,2372.82832263285,1.22261837224498,0.279213881569741,0.550081142143437,0.153590290876186
1.53553553553554,1.5543458302942,459.899054476347,1250.96801302146,0.06,866.1270393264,6.92739024135107e-05,2373.38967538544,1.22655276201289,0.280486257261781,0.550443592030093,0.154391862962252
1.54054054054054,1.55929205167712,461.398073558734,1253.95910099774,0.06,867.798573498873,6.91404685745061e-05,2373.9528608274,1.23052227481633,0.281757761687957,0.550806573068977,0.155194027150929
1.54554554554555,1.56423729327084,462.897092641121,1256.94303421791,0.06,869.462523629866,6.90081497124334e-05,2374.51787895872,1.23452699116671,0.283028376040594,0.551170081197049,0.155996773003363
1.55055055055055,1.56918155436043,464.396111723508,1259.91982754116,0.06,871.118905470127,6.88769347367328e-05,2375.08472977941,1.2385669932446,0.284298081697156,0.551534112362966,0.156800090135335
1.55555555555556,1.57412483424355,465.895130805895,1262.88949592083,0.06,872.767734870183,6.87468127003165e-05,2375.65341328947,1.24264236488638,0.285566860219564,0.551898662527137,0.157603968217251
1.56056056056056,1.57906713223033,467.394149888282,1265.85205440278,0.06,874.409027778667,6.86177727972719e-05,2376.22392948889,1.24675319157112,0.286834693353507,0.552263727661766,0.158408396974128
1.56556556556557,1.58400844764336,468.893168970669,1268.80751812387,0.06,876.042800240634,6.84898043606078e-05,2376.79627837767,1.25089956040779,0.288101563027744,0.552629303750905,0.15921336618557
1.57057057057057,1.58894877981758,470.392188053056,1271.75590231034,0.06,877.669068395903,6.8362896860044e-05,2377.37045995582,1.25508156012277,0.289367451353394,0.552995386790497,0.16001886568575
1.57557557557558,1.59388812810024,471.891207135443,1274.69722227627,0.06,879.287848477403,6.82370398998434e-05,2377.94647422334,1.25929928104761,0.290632340623222,0.553361972788424,0.160824885363383
1.58058058058058,1.5988264918508,473.39022621783,1277.63149342204,0.06,880.899156809534,6.81122232166844e-05,2378.52432118022,1.26355281510716,0.29189621331091,0.553729057764549,0.16163141516169
1.58558558558559,1.60376387044089,474.889245300217,1280.55873123278,0.06,882.503009806532,6.79884366775741e-05,2379.10400082647,1.26784225580786,0.293159052070328,0.554096637750763,0.16243844507837
1.59059059059059,1.60870026325427,476.388264382604,1283.47895127685,0.06,884.099423970859,6.78656702778009e-05,2379.68551316208,1.27216769822635,0.294420839734787,0.554464708791023,0.163245965165557
1.5955955955956,1.61363566968668,477.887283464991,1286.39216920432,0.06,885.688415891589,6.77439141389247e-05,2380.26885818706,1.2765292389984,0.295681559316291,0.554833266941397,0.164053965529784
1.6006006006006,1.61857008914584,479.386302547378,1289.29840074547,0.06,887.270002242817,6.76231585068059e-05,2380.8540359014,1.280926976308,0.296941194004779,0.555202308270101,0.164862436331933
1.60560560560561,1.62350352105138,480.885321629765,1292.19766170928,0.06,888.844199782071,6.75033937496705e-05,2381.44104630511,1.28536100987675,0.298199727167361,0.555571828857542,0.165671367787191
1.61061061061061,1.62843596483475,482.384340712152,1295.08996798198,0.06,890.411025348744,6.73846103562117e-05,2382.02988939818,1.28983144095351,0.299457142347542,0.555941824796356,0.166480750164994
1.61561561561562,1.63336741993914,483.88335979454,1297.97533552553,0.06,891.970495862526,6.72667989337255e-05,2382.62056518062,1.29433837230426,0.300713423264443,0.55631229219144,0.167290573788977
1.62062062062062,1.63829788581946,485.382378876927,1300.85378037622,0.06,893.522628321864,6.71499502062827e-05,2383.21307365242,1.29888190820221,0.301968553812019,0.556683227159994,0.168100829036911
1.62562562562563,1.64322736194223,486.881397959314,1303.72531864314,0.06,895.067439802412,6.7034055012933e-05,2383.80741481359,1.30346215441812,0.303222518058257,0.557054625831556,0.168911506340644
1.63063063063063,1.64815584778555,488.380417041701,1306.58996650681,0.06,896.604947455513,6.6919104305943e-05,2384.40358866412,1.30807921821092,0.304475300244381,0.557426484348033,0.169722596186037
1.63563563563564,1.65308334283899,489.879436124088,1309.44774021771,0.06,898.135168506682,6.68050891490657e-05,2385.00159520402,1.31273320831844,0.305726884784047,0.557798798863738,0.170534089112894
1.64064064064064,1.65800984660356,491.378455206475,1312.29865609488,0.06,899.658120254097,6.66920007158428e-05,2385.60143443329,1.31742423494845,0.306977256262525,0.558171565545419,0.171345975714891
1.64564564564565,1.66293535859163,492.877474288862,1315.14273052451,0.06,901.173820067115,6.65798302879365e-05,2386.20310635192,1.32215240976983,0.308226399435887,0.558544780572295,0.172158246639506
1.65065065065065,1.66785987832687,494.376493371249,1317.97997995852,0.06,902.682285384785,6.64685692534931e-05,2386.80661095991,1.32691784590404,0.309474299230175,0.55891844013608,0.172970892587936
1.65565565565566,1.67278340534416,495.875512453636,1320.81042091322,0.06,904.183533714381,6.63582091055345e-05,2387.41194825727,1.33172065791675,0.310720940740579,0.559292540441021,0.173783904315023
1.66066066066066,1.67770593918956,497.374531536023,1323.6340699679,0.06,905.677582629947,6.62487414403803e-05,2388.019118244,1.33656096180958,0.311966309230598,0.559667077703919,0.174597272629166
1.66566566566567,1.68262747942021,498.87355061841,1326.45094376345,0.06,907.164449770844,6.61401579560976e-05,2388.62812092009,1.34143887501224,0.313210390131197,0.56004204815416,0.175410988392239
1.67067067067067,1.68754802560428,500.372569700797,1329.26105900106,0.06,908.644152840324,6.60324504509784e-05,2389.23895628555,1.34635451637462,0.314453169039967,0.560417448033746,0.176225042519503
1.67567567567568,1.69246757732093,501.871588783184,1332.06443244084,0.06,910.116709604103,6.59256108220447e-05,2389.85162434037,1.3513080061593,0.315694631720273,0.560793273597312,0.17703942597951
1.68068068068068,1.69738613416018,503.370607865571,1334.86108090049,0.06,911.58213788895,6.58196310635798e-05,2390.46612508456,1.35629946603401,0.316934764100396,0.56116952111216,0.177854129794015
1.68568568568569,1.70230369572291,504.869626947958,1337.651021254,0.06,913.040455581285,6.57145032656862e-05,2391.08245851811,1.3613290190645,0.318173552272678,0.561546186858276,0.178669145037875
1.69069069069069,1.70722026162074,506.368646030345,1340.43427043032,0.06,914.491680625798,6.56102196128687e-05,2391.70062464103,1.36639678970738,0.319410982492658,0.56192326712836,0.179484462838954
1.6956956956957,1.71213583147603,507.867665112732,1343.21084541207,0.06,915.935831024065,6.55067723826426e-05,2392.32062345331,1.37150290380328,0.3206470411782,0.562300758227843,0.180300074378016
1.7007007007007,1.71705040492173,509.366684195119,1345.98076323425,0.06,917.372924833186,6.54041539441665e-05,2392.94245495496,1.37664748857012,0.321881714908629,0.56267865647491,0.181115970888627
1.70570570570571,1.72196398160139,510.865703277506,1348.74404098296,0.06,918.802980164435,6.53023567568991e-05,2393.56611914597,1.38183067259651,0.323114990423848,0.563056958200525,0.181932143657044
1.71071071071071,1.72687656116906,512.364722359893,1351.50069579415,0.06,920.22601518191,6.52013733692795e-05,2394.19161602635,1.38705258583538,0.324346854623464,0.563435659748445,0.182748584022105
1.71571571571572,1.73178814328923,513.86374144228,1354.25074485235,0.06,921.64204810121,6.51011964174307e-05,2394.8189455961,1.39231335959774,0.325577294565906,0.563814757475243,0.183565283375122
1.72072072072072,1.73669872763675,515.362760524668,1356.99420538942,0.06,923.051097188113,6.50018186238853e-05,2395.44810785521,1.39761312654656,0.326806297467533,0.564194247750323,0.184382233159763
1.72572572572573,1.7416083138968,516.861779607055,1359.73109468332,0.06,924.45318075727,6.49032327963335e-05,2396.07910280368,1.40295202069089,0.328033850701757,0.564574126955941,0.18519942487194
1.73073073073073,1.7465169017648,518.360798689442,1362.46143005693,0.06,925.848317170906,6.48054318263932e-05,2396.71193044152,1.40833017738001,0.329259941798138,0.564954391487221,0.186016850059685
1.73573573573574,1.75142449094635,519.859817771829,1365.18522887676,0.06,927.236524837541,6.47084086884007e-05,2397.34659076873,1.41374773329783,0.3304845584415,0.565335037752168,0.186834500323034
1.74074074074074,1.75633108115717,521.358836854216,1367.90250855182,0.06,928.617822210711,6.46121564382226e-05,2397.9830837853,1.41920482645738,0.33170768847103,0.565716062171686,0.187652367313904
1.74574574574575,1.76123667212304,522.857855936603,1370.61328653237,0.06,929.992227787709,6.45166682120878e-05,2398.62140949123,1.42470159619545,0.332929319879377,0.566097461179592,0.188470442735964
1.75075075075075,1.76614126357971,524.35687501899,1373.3175803088,0.06,931.359760108337,6.44219372254398e-05,2399.26156788654,1.43023818316737,0.334149440811753,0.566479231222628,0.189288718344513
1.75575575575576,1.77104485527287,525.855894101377,1376.01540741042,0.06,932.720437753664,6.43279567718085e-05,2399.9035589712,1.43581472934192,0.335368039565028,0.566861368760475,0.190107185946349
1.76076076076076,1.77594744695807,527.354913183764,1378.70678540431,0.06,934.074279344799,6.42347202217008e-05,2400.54738274523,1.44143137799641,0.336585104586824,0.567243870265765,0.190925837399637
1.76576576576577,1.78084903840066,528.853932266151,1381.39173189418,0.06,935.421303541675,6.41422210215109e-05,2401.19303920863,1.4470882737118,0.337800624474604,0.567626732224091,0.191744664613777
1.77077077077077,1.78574962937572,530.352951348538,1384.07026451923,0.06,936.761529041846,6.4050452692448e-05,2401.84052836139,1.45278556236804,0.339014587974769,0.56800995113402,0.192563659549268
1.77577577577578,1.79064921966802,531.851970430925,1386.74240095303,0.06,938.094974579291,6.39594088294827e-05,2402.48985020352,1.45852339113949,0.340226983981741,0.568393523507099,0.193382814217575
1.78078078078078,1.79554780907191,533.350989513312,1389.4081589024,0.06,939.42165892323,6.38690831003112e-05,2403.14100473502,1.46430190849047,0.341437801537053,0.568777445867868,0.194202120680985
1.78578578578579,1.8004453973913,534.850008595699,1392.06755610628,0.06,940.741600876958,6.37794692443367e-05,2403.79399195587,1.47012126417093,0.342647029828433,0.569161714753866,0.19502157105247
1.79079079079079,1.8053419844396,536.349027678086,1394.72061033469,0.06,942.054819276681,6.36905610716673e-05,2404.4488118661,1.47598160921223,0.34385465818889,0.569546326715639,0.195841157495544
1.7957957957958,1.81023757003962,537.848046760473,1397.36733938759,0.06,943.361332990367,6.3602352462132e-05,2405.10546446569,1.48188309592303,0.345060676095797,0.569931278316747,0.196660872224118
1.8008008008008,1.81513215402354,539.34706584286,1400.00776109384,0.06,944.66116091661,6.35148373643113e-05,2405.76394975464,1.48782587788536,0.346265073169974,0.57031656613377,0.197480707502358
1.80580580580581,1.82002573623283,540.846084925247,1402.64189331014,0.06,945.954321983502,6.34280097945854e-05,2406.42426773296,1.49381010995067,0.347467839174769,0.570702186756316,0.198300655644533
1.81081081081081,1.82491831651819,542.345104007635,1405.26975391995,0.06,947.240835147517,6.33418638361975e-05,2407.08641840065,1.49983594823611,0.348668964015142,0.57108813678702,0.199120709014868
1.81581581581582,1.82980989473952,543.844123090022,1407.89136083248,0.06,948.520719392407,6.32563936383321e-05,2407.7504017577,1.50590355012087,0.349868437736741,0.571474412841553,0.199940860027395
1.82082082082082,1.83470047076581,545.343142172409,1410.50673198162,0.06,949.793993728108,6.31715934152094e-05,2408.41621780411,1.51201307424261,0.351066250524984,0.571861011548627,0.200761101145801
1.82582582582583,1.83959004447509,546.842161254796,1413.11588532495,0.06,951.060677189655,6.30874574451943e-05,2409.0838665399,1.51816468049401,0.352262392704143,0.572247929549991,0.201581424883272
1.83083083083083,1.84447861575442,548.341180337183,1415.71883884273,0.06,952.320788836115,6.30039800699189e-05,2409.75334796504,1.52435853001943,0.353456854736414,0.572635163500441,0.202401823802338
1.83583583583584,1.84936618449974,549.84019941957,1418.31561053688,0.06,953.574347749519,6.29211556934211e-05,2410.42466207955,1.53059478521165,0.354649627221007,0.573022710067815,0.203222290514722
1.84084084084084,1.85425275061589,551.339218501957,1420.90621842998,0.06,954.821373033818,6.2838978781296e-05,2411.09780888343,1.53687360970871,0.355840700893218,0.573410565932997,0.204042817681175
1.84584584584585,1.85913831401651,552.838237584344,1423.49068056432,0.06,956.061883813838,6.27574438598611e-05,2411.77278837667,1.54319516839086,0.357030066623512,0.57379872778992,0.204863398011322
1.85085085085085,1.86402287462398,554.337256666731,1426.06901500093,0.06,957.295899234253,6.26765455153358e-05,2412.44960055928,1.54955962737759,0.358217715416602,0.574187192345559,0.205684024263499
1.85585585585586,1.86890643236938,555.836275749118,1428.64123981857,0.06,958.523438458569,6.25962783930332e-05,2413.12824543125,1.55596715402475,0.359403638410527,0.574575956319936,0.206504689244593
1.86086086086086,1.87378898719241,557.335294831505,1431.20737311285,0.06,959.744520668112,6.25166371965655e-05,2413.80872299259,1.56241791692177,0.360587826875738,0.574965016446115,0.207325385809877
1.86586586586587,1.87867053904132,558.834313913892,1433.76743299521,0.06,960.959165061032,6.24376166870621e-05,2414.4910332433,1.56891208588895,0.361770272214172,0.575354369470202,0.208146106862848
1.87087087087087,1.8835510878729,560.333332996279,1436.32143759207,0.06,962.167390851321,6.23592116824e-05,2415.17517618336,1.57544983197488,0.362950965958341,0.57574401215134,0.20896684535506
1.87587587587588,1.88843063365236,561.832352078666,1438.86940504386,0.06,963.369217267827,6.22814170564466e-05,2415.8611518128,1.58203132745388,0.364129899770408,0.576133941261709,0.209787594285956
1.88088088088088,1.89330917635332,563.331371161053,1441.4113535041,0.06,964.564663553297,6.22042277383145e-05,2416.5489601316,1.58865674582358,0.365307065441274,0.576524153586518,0.210608346702705
1.88588588588589,1.89818671595771,564.83039024344,1443.94730113855,0.06,965.753748963421,6.21276387116283e-05,2417.23860113976,1.59532626180255,0.366482454889662,0.576914645924003,0.211429095700029
1.89089089089089,1.90306325245575,566.329409325827,1446.47726612425,0.06,966.936492765878,6.2051645013803e-05,2417.93007483729,1.60204005132803,0.367656060161202,0.577305415085422,0.212249834420034
1.8958958958959,1.90793878584585,567.828428408214,1449.00126664871,0.06,968.112914239414,6.19762417353334e-05,2418.62338122419,1.60879829155372,0.368827873427516,0.577696457895049,0.21307055605204
1.9009009009009,1.91281331613461,569.327447490601,1451.51932090897,0.06,969.283032672906,6.19014240190951e-05,2419.31852030045,1.61560116084767,0.369997886985309,0.578087771190168,0.213891253832409
1.90590590590591,1.91768684333669,570.826466572988,1454.0314471108,0.06,970.446867364454,6.18271870596567e-05,2420.01549206607,1.62244883879023,0.371166093255453,0.578479351821064,0.214711921044371
1.91091091091091,1.9225593674748,572.325485655375,1456.53766346778,0.06,971.604437620476,6.1753526102602e-05,2420.71429652107,1.62934150617205,0.372332484782082,0.57887119665102,0.215532551017852
1.91591591591592,1.92743088857965,573.824504737762,1459.03798820054,0.06,972.75576275481,6.16804364438635e-05,2421.41493366542,1.63627934499225,0.373497054231682,0.579263302556306,0.216353137129296
1.92092092092092,1.93230140668984,575.32352382015,1461.53243953583,0.06,973.900862087834,6.1607913429066e-05,2422.11740349914,1.64326253845651,0.374659794392183,0.579655666426173,0.217173672801494
1.92592592592593,1.93717092185187,576.822542902537,1464.02103570578,0.06,975.039754945588,6.15359524528805e-05,2422.82170602223,1.6502912709754,0.375820698172057,0.580048285162841,0.217994151503403
1.93093093093093,1.94203943412003,578.321561984924,1466.50379494702,0.06,976.172460658916,6.14645489583879e-05,2423.52784123468,1.65736572816261,0.376979758599412,0.580441155681494,0.218814566749973
1.93593593593594,1.94690694355635,579.820581067311,1468.98073549992,0.06,977.298998562602,6.13936984364531e-05,2424.2358091365,1.66448609683343,0.378136968821093,0.580834274910265,0.219634912101965
1.94094094094094,1.95177345023059,581.319600149698,1471.45187560776,0.06,978.419387994532,6.13233964251077e-05,2424.94560972769,1.67165256500311,0.379292322101779,0.58122763979023,0.220455181165773
1.94594594594595,1.95663895422012,582.818619232085,1473.91723351598,0.06,979.533648294857,6.12536385089437e-05,2425.65724300823,1.67886532188542,0.380445811823089,0.581621247275397,0.221275367593246
1.95095095095095,1.96150345560991,584.317638314472,1476.37682747136,0.06,980.641798805168,6.1184420318515e-05,2426.37070897815,1.68612455789125,0.381597431482685,0.582015094332693,0.222095465081508
1.95595595595596,1.96636695449246,585.816657396859,1478.83067572126,0.06,981.74385886768,6.11157375297489e-05,2427.08600763743,1.69343046462721,0.382747174693378,0.58240917794195,0.222915467372774
1.96096096096096,1.97122945096771,587.315676479246,1481.2787965129,0.06,982.839847824424,6.10475858633669e-05,2427.80313898607,1.70078323489439,0.383895035182237,0.5828034950959,0.223735368254171
1.96596596596597,1.97609094514306,588.814695561633,1483.72120809253,0.06,983.929785016454,6.09799610843132e-05,2428.52210302408,1.70818306268709,0.385041006789699,0.583198042800153,0.224555161557553
1.97097097097097,1.98095143713325,590.31371464402,1486.15792870479,0.06,985.013689783057,6.09128590011928e-05,2429.24289975146,1.71563014319165,0.386185083468685,0.583592818073193,0.225374841159321
1.97597597597598,1.98581092706032,591.812733726407,1488.58897659187,0.06,986.091581460977,6.08462754657179e-05,2429.9655291682,1.72312467278539,0.387327259283714,0.583987817946358,0.226194400980239
1.98098098098098,1.99066941505357,593.311752808794,1491.01436999287,0.06,987.163479383645,6.07802063721626e-05,2430.6899912743,1.73066684903549,0.388467528410018,0.584383039463828,0.227013834985247
1.98598598598599,1.99552690124951,594.810771891181,1493.43412714302,0.06,988.229402880419,6.07146476568258e-05,2431.41628606977,1.73825687069805,0.389605885132669,0.584778479682611,0.22783313718328
1.99099099099099,2.00038338579176,596.309790973568,1495.84826627303,0.06,989.289371275839,6.06495952975022e-05,2432.14441355461,1.74589493771713,0.390742323845697,0.585174135672528,0.228652301627081
1.995995995996,2.00523886883107,597.808810055955,1498.25680560834,0.06,990.34340388888,6.05850453129612e-05,2432.87437372881,1.75358125122388,0.391876839051216,0.585570004516197,0.229471322413014
2.001001001001,2.01009335052518,599.307829138342,1500.65976336846,0.06,991.391520032224,6.05209937624338e-05,2433.60616659238,1.76131601353569,0.393009425358556,0.585966083309018,0.230290193680881
2.00600600600601,2.01494683103885,600.806848220729,1503.05715776629,0.06,992.433739011537,6.0457436745107e-05,2434.33979214531,1.76909942815544,0.394140077483391,0.586362369159157,0.231108909613735
2.01101101101101,2.01979931054375,602.305867303116,1505.44900700742,0.06,993.470080124753,6.03943703996255e-05,2435.07525038761,1.77693169977076,0.395268790246872,0.586758859187527,0.231927464437688
2.01601601601602,2.02465078921843,603.804886385504,1507.83532928951,0.06,994.500562661375,6.03317909036014e-05,2435.81254131927,1.78481303425339,0.396395558574768,0.587155550527775,0.232745852421733
2.02102102102102,2.02950126724825,605.303905467891,1510.21614280157,0.06,995.525205901771,6.02696944731304e-05,2436.5516649403,1.79274363865854,0.397520377496603,0.587552440326262,0.233564067877546
2.02602602602603,2.03435074482536,606.802924550278,1512.59146572337,0.06,996.544029116495,6.0208077362316e-05,2437.29262125069,1.80072372122431,0.398643242144798,0.587949525742045,0.234382105159305
2.03103103103103,2.0391992221486,608.301943632665,1514.96131622478,0.06,997.557051565602,6.01469358627998e-05,2438.03541025045,1.80875349137122,0.399764147753816,0.588346803946861,0.235199958663499
2.03603603603604,2.04404669942351,609.800962715052,1517.32571246513,0.06,998.564292497986,6.00862663032996e-05,2438.78003193957,1.81683315970168,0.400883089659318,0.588744272125107,0.236017622828739
2.04104104104104,2.04889317686222,611.299981797439,1519.68467259259,0.06,999.56577115071,6.00260650491537e-05,2439.52648631806,1.82496293799962,0.402000063297302,0.589141927473821,0.236835092135571
2.04604604604605,2.05373865468342,612.799000879826,1522.03821474357,0.06,1000.56150674836,5.99663285018717e-05,2440.27477338592,1.83314303923007,0.403115064203271,0.589539767202662,0.237652361106283
2.05105105105105,2.05858313311231,614.298019962213,1524.38635704209,0.06,1001.5515185024,5.99070530986928e-05,2441.02489314314,1.84137367753887,0.404228088011381,0.589937788533895,0.238469424304719
2.05605605605606,2.06342661238056,615.7970390446,1526.72911759919,0.06,1002.53582561055,5.98482353121495e-05,2441.77684558972,1.84965506825237,0.40533913045361,0.590335988702363,0.239286276336088
2.06106106106106,2.06826909272624,617.296058126987,1529.06651451235,0.06,1003.51444725611,5.9789871649638e-05,2442.53063072567,1.85798742787718,0.406448187358917,0.590734364955475,0.240102911846774
2.06606606606607,2.07311057439379,618.795077209374,1531.39856586489,0.06,1004.48740260741,5.97319586529951e-05,2443.28624855099,1.8663709741,0.407555254652414,0.591132914553179,0.240919325524144
2.07107107107107,2.07795105763392,620.294096291761,1533.72528972538,0.06,1005.45471081715,5.96744928980811e-05,2444.04369906567,1.87480592578743,0.408660328354534,0.591531634767945,0.241735512096363
2.07607607607608,2.08279054270363,621.793115374148,1536.04670414714,0.06,1006.41639102182,5.96174709943682e-05,2444.80298226972,1.88329250298591,0.409763404580208,0.591930522884743,0.242551466332195
2.08108108108108,2.08762902986613,623.292134456535,1538.36282716758,0.06,1007.3724623411,5.95608895845355e-05,2445.56409816313,1.89183092692161,0.410864479538045,0.592329576201017,0.243367183040822
2.08608608608609,2.09246651939075,624.791153538922,1540.67367680774,0.06,1008.32294387728,5.95047453440696e-05,2446.32704674591,1.90042142000044,0.411963549529509,0.592728792026672,0.244182657071646
2.09109109109109,2.09730301155297,626.290172621309,1542.97927107166,0.06,1009.26785471465,5.94490349808709e-05,2447.09182801805,1.90906420580802,0.413060610948105,0.593128167684042,0.244997883314101
2.0960960960961,2.1021385066343,627.789191703696,1545.27962794594,0.06,1010.207213919,5.93937552348651e-05,2447.85844197956,1.91775950910977,0.414155660278574,0.593527700507872,0.245812856697462
2.1011011011011,2.10697300492226,629.288210786083,1547.57476539911,0.06,1011.14104053697,5.9338902877621e-05,2448.62688863043,1.92650755585101,0.415248694096078,0.593927387845298,0.246627572190655
2.10610610610611,2.11180650671033,630.78722986847,1549.86470138117,0.06,1012.06935359557,5.92844747119735e-05,2449.39716797067,1.93530857315703,0.416339709065397,0.594327227055818,0.247442024802064
2.11111111111111,2.11663901229792,632.286248950857,1552.14945382307,0.06,1012.99217210159,5.92304675716513e-05,2450.16928000027,1.94416278933333,0.417428701940134,0.594727215511271,0.24825620957934
2.11611611611612,2.12147052199029,633.785268033245,1554.42904063616,0.06,1013.90951504108,5.9176878320911e-05,2450.94322471924,1.95307043386582,0.418515669561909,0.595127350595815,0.249070121609213
2.12112112112112,2.1263010360985,635.284287115632,1556.70347971174,0.06,1014.82140137881,5.91237038541751e-05,2451.71900212757,1.96203173742099,0.419600608859578,0.595527629705899,0.249883756017297
2.12612612612613,2.13113055493939,636.783306198019,1558.97278892055,0.06,1015.72785005776,5.90709410956763e-05,2452.49661222527,1.97104693184629,0.420683516848433,0.595928050250243,0.250697107967902
2.13113113113113,2.13595907883553,638.282325280406,1561.23698611225,0.06,1016.62887999858,5.90185869991059e-05,2453.27605501234,1.98011625017037,0.42176439062942,0.59632860964981,0.251510172663841
2.13613613613614,2.14078660811515,639.781344362793,1563.49608911501,0.06,1017.52451009911,5.89666385472676e-05,2454.05733048877,1.98923992660347,0.422843227388359,0.596729305337783,0.252322945346242
2.14114114114114,2.14561314311209,641.28036344518,1565.75011573495,0.06,1018.41475923386,5.8915092751736e-05,2454.84043865456,1.9984181965378,0.423920024395166,0.597130134759537,0.253135421294352
2.14614614614615,2.1504386841658,642.779382527567,1567.99908375575,0.06,1019.29964625352,5.886394665252e-05,2455.62537950972,2.00765129654794,0.424994779003076,0.597531095372618,0.253947595825352
2.15115115115115,2.15526323162123,644.278401609954,1570.24301093815,0.06,1020.17918998448,5.88131973177306e-05,2456.41215305425,2.01693946439131,0.426067488647874,0.597932184646715,0.254759464294163
2.15615615615616,2.16008678582884,645.777420692341,1572.48191501951,0.06,1021.05340922834,5.87628418432536e-05,2457.20075928814,2.02628293900865,0.42713815084713,0.598333400063633,0.255571022093256
2.16116116116116,2.16490934714451,647.276439774728,1574.71581371338,0.06,1021.92232276146,5.87128773524264e-05,2457.9911982114,2.03568196052453,0.428206763199435,0.598734739117267,0.256382264652463
2.16616616616617,2.16973091592952,648.775458857115,1576.94472470902,0.06,1022.78594933445,5.86633009957202e-05,2458.78346982402,2.04513677024792,0.429273323383644,0.599136199313578,0.257193187438785
2.17117117117117,2.1745514925505,650.274477939502,1579.16866567101,0.06,1023.64430767177,5.86141099504254e-05,2459.57757412601,2.05464761067275,0.430337829158118,0.599537778170564,0.258003785956202
2.17617617617618,2.17937107737938,651.773497021889,1581.3876542388,0.06,1024.49741647124,5.85653014203422e-05,2460.37351111736,2.06421472547854,0.431400278359978,0.599939473218234,0.258814055745484
2.18118118118118,2.18418967079333,653.272516104276,1583.60170802631,0.06,1025.34529440361,5.85168726354751e-05,2461.17128079808,2.07383835953102,0.432460668904354,0.600341281998579,0.259623992384003
2.18618618618619,2.18900727317476,654.771535186663,1585.8108446215,0.06,1026.18796011213,5.84688208517316e-05,2461.97088316816,2.08351875888283,0.433518998783646,0.600743202065549,0.260433591485539
2.19119119119119,2.19382388491122,656.27055426905,1588.01508158598,0.06,1027.02543221209,5.84211433506249e-05,2462.77231822761,2.09325617077418,0.434575266066782,0.601145230985021,0.261242848700093
2.1961961961962,2.19863950639541,657.769573351437,1590.21443645459,0.06,1027.85772929043,5.83738374389812e-05,2463.57558597642,2.10305084363363,0.435629468898485,0.601547366334772,0.262051759713699
2.2012012012012,2.20345413802507,659.268592433824,1592.40892673504,0.06,1028.68486990532,5.83269004486502e-05,2464.3806864146,2.11290302707884,0.436681605498543,0.601949605704454,0.262860320248236
2.20620620620621,2.208267780203,660.767611516211,1594.59856990747,0.06,1029.50687258571,5.82803297362202e-05,2465.18761954215,2.12281297191732,0.437731674161081,0.602351946695561,0.263668526061234
2.21121121121121,2.21308043333699,662.266630598598,1596.78338342415,0.06,1030.323755831,5.82341226827365e-05,2465.99638535906,2.13278093014728,0.438779673253839,0.602754386921406,0.264476372945692
2.21621621621622,2.21789209783977,663.765649680985,1598.963384709,0.06,1031.13553811056,5.81882766934241e-05,2466.80698386533,2.14280715495847,0.439825601217454,0.603156924007087,0.265283856729887
2.22122122122122,2.22270277412897,665.264668763372,1601.13859115734,0.06,1031.94223786341,5.81427891974141e-05,2467.61941506097,2.15289190073305,0.440869456564744,0.603559555589461,0.266090973277184
2.22622622622623,2.22751246262709,666.76368784576,1603.30902013543,0.06,1032.74387349779,5.8097657647473e-05,2468.43367894598,2.16303542304646,0.441911237880001,0.603962279317117,0.266897718485854
2.23123123123123,2.23232116376144,668.262706928147,1605.47468898015,0.06,1033.54046339081,5.8052879519737e-05,2469.24977552035,2.1732379786684,0.442950943818281,0.604365092850342,0.267704088288882
2.23623623623624,2.23712887796409,669.761726010534,1607.63561499867,0.06,1034.33202588806,5.80084523134484e-05,2470.06770478408,2.18349982556372,0.443988573104706,0.604767993861094,0.268510078653783
2.24124124124124,2.24193560567188,671.260745092921,1609.79181546808,0.06,1035.11857930325,5.79643735506968e-05,2470.88746673719,2.19382122289342,0.445024124533761,0.605170980032974,0.269315685582412
2.24624624624625,2.2467413473263,672.759764175308,1611.94330763506,0.06,1035.90014191785,5.79206407761627e-05,2471.70906137965,2.20420243101565,0.446057596968605,0.605574049061193,0.270120905110784
2.25125125125125,2.25154610337351,674.258783257695,1614.09010871553,0.06,1036.67673198077,5.78772515568654e-05,2472.53248871148,2.21464371148674,0.44708898934038,0.605977198652546,0.270925733308882
2.25625625625626,2.25634987426428,675.757802340082,1616.23223589436,0.06,1037.44836770794,5.78342034819136e-05,2473.35774873268,2.22514532706223,0.448118300647523,0.606380426525379,0.271730166280473
2.26126126126126,2.26115266045393,677.256821422469,1618.36970632501,0.06,1038.21506728204,5.77914941622596e-05,2474.18484144325,2.23570754169797,0.449145529955089,0.606783730409557,0.272534200162926
2.26626626626627,2.26595446240231,678.755840504856,1620.50253712924,0.06,1038.97684885214,5.77491212304567e-05,2475.01376684317,2.24633062055117,0.450170676394068,0.607187108046439,0.273337831127023
2.27127127127127,2.27075528057376,680.254859587243,1622.63074539679,0.06,1039.73373053336,5.77070823404196e-05,2475.84452493247,2.25701482998159,0.451193739160718,0.607590557188844,0.274141055376779
2.27627627627628,2.27555511543705,681.75387866963,1624.75434818508,0.06,1040.48573040655,5.76653751671885e-05,2476.67711571113,2.26776043755259,0.452214717515894,0.607994075601019,0.274943869149252
2.28128128128128,2.28035396746536,683.252897752017,1626.87336251889,0.06,1041.23286651801,5.76239974066957e-05,2477.51153917915,2.2785677120324,0.453233610784382,0.608397661058613,0.275746268714368
2.28628628628629,2.28515183713622,684.751916834404,1628.98780539011,0.06,1041.97515687911,5.75829467755355e-05,2478.34779533654,2.28943692339521,0.454250418354237,0.60880131134864,0.276548250374728
2.29129129129129,2.28994872493151,686.250935916791,1631.09769375739,0.06,1042.71261946604,5.75422210107374e-05,2479.18588418329,2.30036834282244,0.455265139676133,0.609205024269453,0.277349810465434
2.2962962962963,2.29474463133736,687.749954999178,1633.20304454592,0.06,1043.4452722195,5.75018178695415e-05,2480.02580571941,2.31136224270395,0.456277774262704,0.609608797630708,0.278150945353902
2.3013013013013,2.29953955684415,689.248974081565,1635.30387464712,0.06,1044.17313304439,5.74617351291776e-05,2480.8675599449,2.32241889663932,0.457288321687899,0.610012629253337,0.278951651439681
2.30630630630631,2.30433350194647,690.747993163952,1637.40020091836,0.06,1044.89621980951,5.74219705866467e-05,2481.71114685975,2.33353857943906,0.458296781586339,0.610416516969513,0.279751925154271
2.31131131131131,2.30912646714308,692.247012246339,1639.4920401827,0.06,1045.61455034733,5.73825220585057e-05,2482.55656646396,2.34472156712596,0.459303153652676,0.610820458622623,0.280551762960944
2.31631631631632,2.31391845293685,693.746031328726,1641.57940922865,0.06,1046.32814245364,5.73433873806547e-05,2483.40381875755,2.3559681369364,0.460307437640956,0.611224452067228,0.281351161354563
2.32132132132132,2.31870945983474,695.245050411113,1643.66232480987,0.06,1047.03701388735,5.73045644081266e-05,2484.25290374049,2.36727856732166,0.46130963336399,0.61162849516904,0.282150116861399
2.32632632632633,2.32349948834776,696.744069493501,1645.74080364495,0.06,1047.74118237015,5.72660510148805e-05,2485.1038214128,2.3786531379493,0.462309740692728,0.612032585804886,0.282948626038956
2.33133133133133,2.32828853899092,698.243088575888,1647.81486241716,0.06,1048.4406655863,5.72278450935964e-05,2485.95657177448,2.39009212970451,0.463307759555633,0.612436721862671,0.28374668547579
2.33633633633634,2.33307661228323,699.742107658275,1649.88451777419,0.06,1049.13548118237,5.71899445554737e-05,2486.81115482552,2.40159582469152,0.464303689938062,0.612840901241357,0.28454429179133
2.34134134134134,2.33786370874759,701.241126740662,1651.94978632794,0.06,1049.82564676695,5.71523473300318e-05,2487.66757056593,2.41316450623502,0.465297531881654,0.613245121850921,0.285341441635698
2.34634634634635,2.34264982891084,702.740145823049,1654.01068465423,0.06,1050.51117991044,5.7115051364913e-05,2488.5258189957,2.42479845888157,0.466289285483718,0.613649381612325,0.286138131689537
2.35135135135135,2.34743497330365,704.239164905436,1656.06722929266,0.06,1051.19209814479,5.70780546256882e-05,2489.38590011484,2.43649796840107,0.467278950896627,0.614053678457485,0.286934358663829
2.35635635635636,2.35221914246053,705.738183987823,1658.11943674631,0.06,1051.86841896327,5.70413550956655e-05,2490.24781392335,2.44826332178821,0.468266528327215,0.614458010329238,0.28773011929972
2.36136136136136,2.35700233691975,707.23720307021,1660.16732348155,0.06,1052.54015982024,5.70049507757001e-05,2491.11156042122,2.46009480726399,0.469252018036179,0.614862375181308,0.288525410368347
2.36636636636637,2.36178455722336,708.736222152597,1662.21090592784,0.06,1053.20733813091,5.69688396840075e-05,2491.97713960845,2.47199271427717,0.470235420337486,0.615266770978274,0.289320228670656
2.37137137137137,2.36656580391709,710.235241234984,1664.25020047747,0.06,1053.86997127114,5.69330198559792e-05,2492.84455148505,2.48395733350586,0.471216735597782,0.615671195695536,0.290114571037234
2.37637637637638,2.37134607755038,711.734260317371,1666.28522348544,0.06,1054.5280765772,5.6897489344e-05,2493.71379605101,2.495988956859,0.472195964235808,0.616075647319283,0.290908434328129
2.38138138138138,2.37612537867629,713.233279399758,1668.31599126917,0.06,1055.18167134557,5.68622462172681e-05,2494.58487330634,2.50808787747796,0.473173106721817,0.616480123846461,0.29170181543268
2.38638638638639,2.38090370785148,714.732298482145,1670.34252010836,0.06,1055.83077283272,5.68272885616171e-05,2495.45778325104,2.52025438973807,0.474148163576995,0.616884623284736,0.292494711269344
2.39139139139139,2.38568106563619,716.231317564532,1672.36482624477,0.06,1056.47539825492,5.67926144793409e-05,2496.3325258851,2.53248878925026,0.47512113537289,0.617289143652465,0.293287118785519
2.3963963963964,2.39045745259418,717.730336646919,1674.38292588205,0.06,1057.11556478806,5.67582220890197e-05,2497.20910120853,2.54479137286263,0.476092022730845,0.61769368297866,0.294079034957376
2.4014014014014,2.39523286929274,719.229355729306,1676.39683518555,0.06,1057.75128956738,5.67241095253497e-05,2498.08750922132,2.55716243866209,0.477060826321425,0.618098239302955,0.294870456789686
2.40640640640641,2.40000731630257,720.728374811693,1678.40657028214,0.06,1058.38258968738,5.66902749389732e-05,2498.96774992347,2.569602285976,0.478027546863865,0.618502810675573,0.29566138131565
2.41141141141141,2.40478079419785,722.22739389408,1680.41214726004,0.06,1059.00948220156,5.6656716496312e-05,2499.849823315,2.5821112153738,0.478992185125505,0.618907395157293,0.296451805596726
2.41641641641642,2.40955330355613,723.726412976467,1682.41358216863,0.06,1059.63198412228,5.66234323794027e-05,2500.73372939588,2.59468952866873,0.479954741921242,0.619311990819413,0.297241726722462
2.42142142142142,2.41432484495832,725.225432058854,1684.4108910183,0.06,1060.25011242055,5.65904207857336e-05,2501.61946816614,2.60733752891946,0.48091521811298,0.619716595743721,0.298031141810325
2.42642642642643,2.41909541898866,726.724451141242,1686.40408978031,0.06,1060.86388402589,5.65576799280839e-05,2502.50703962575,2.62005552043183,0.481873614609085,0.620121208022458,0.298820048005534
2.43143143143143,2.42386502623469,728.223470223629,1688.39319438658,0.06,1061.47331582614,5.65252080343651e-05,2503.39644377474,2.63284380876055,0.48282993236384,0.620525825758286,0.299608442480889
2.43643643643644,2.4286336672872,729.722489306016,1690.37822072956,0.06,1062.07842466732,5.64930033474637e-05,2504.28768061309,2.64570270071094,0.483784172376916,0.620930447064253,0.300396322436608
2.44144144144144,2.43340134274019,731.221508388403,1692.35918466211,0.06,1062.67922735344,5.64610641250867e-05,2505.1807501408,2.65863250434067,0.484736335692832,0.62133507006376,0.301183685100156
2.44644644644645,2.43816805319089,732.72052747079,1694.3361019973,0.06,1063.27574064635,5.64293886396081e-05,2506.07565235788,2.6716335289615,0.48568642340043,0.621739692890524,0.30197052772608
2.45145145145145,2.44293379923966,734.219546553177,1696.30898850829,0.06,1063.86798126561,5.63979751779182e-05,2506.97238726432,2.6847060851411,0.486634436632348,0.622144313688549,0.302756847595846
2.45645645645646,2.44769858149,735.718565635564,1698.27785992821,0.06,1064.45596588833,5.63668220412738e-05,2507.87095486013,2.6978504847048,0.487580376564499,0.622548930612088,0.303542642017668
2.46146146146146,2.45246240054849,737.217584717951,1700.24273194998,0.06,1065.03971114902,5.63359275451511e-05,2508.77135514531,2.7110670407374,0.488524244415556,0.622953541825612,0.304327908326352
2.46646646646647,2.45722525702479,738.716603800338,1702.20362022622,0.06,1065.61923363946,5.63052900190994e-05,2509.67358811985,2.72435606758501,0.489466041446439,0.62335814550377,0.305112643883123
2.47147147147147,2.46198715153157,740.215622882725,1704.16054036912,0.06,1066.19454990854,5.62749078065978e-05,2510.57765378375,2.73771788085683,0.490405768959799,0.623762739831363,0.305896846075471
2.47647647647648,2.46674808468451,741.714641965112,1706.11350795026,0.06,1066.76567646217,5.62447792649128e-05,2511.48355213702,2.75115279742706,0.491343428299524,0.624167323003304,0.30668051231698
2.48148148148148,2.47150805710227,743.213661047499,1708.06253850058,0.06,1067.33262976312,5.62149027649573e-05,2512.39128317966,2.76466113543669,0.492279020850228,0.624571893224585,0.307463640047172
2.48648648648649,2.47626706940641,744.712680129886,1710.00764751018,0.06,1067.89542623091,5.61852766911526e-05,2513.30084691166,2.7782432142954,0.493212548036759,0.624976448710244,0.308246226731344
2.49149149149149,2.48102512222143,746.211699212273,1711.94885042825,0.06,1068.45408224167,5.61558994412907e-05,2514.21224333303,2.79189935468345,0.494144011323702,0.625380987685328,0.309028269860407
2.4964964964965,2.48578221617466,747.71071829466,1713.88616266294,0.06,1069.00861412806,5.6126769426399e-05,2515.12547244376,2.80562987855356,0.495073412214892,0.625785508384863,0.309809766950725
2.5015015015015,2.49053835189632,749.209737377047,1715.81959958127,0.06,1069.5590381791,5.60978850706067e-05,2516.04053424386,2.81943510913282,0.496000752252926,0.626190009053816,0.310590715543959
2.50650650650651,2.49529353001941,750.708756459434,1717.74917650902,0.06,1070.10537064013,5.60692448110119e-05,2516.95742873332,2.83331537092461,0.496926033018682,0.626594487947059,0.311371113206904
2.51151151151151,2.50004775117971,752.207775541821,1719.67490873062,0.06,1070.64762771263,5.60408470975517e-05,2517.87615591215,2.84727098971053,0.49784925613084,0.626998943329342,0.312150957531336
2.51651651651652,2.50480101601576,753.706794624208,1721.59681148905,0.06,1071.18582555418,5.60126903928725e-05,2518.79671578034,2.86130229255236,0.49877042324541,0.627403373475251,0.312930246133849
2.52152152152152,2.50955332516882,755.205813706595,1723.51489998578,0.06,1071.71998027833,5.5984773172203e-05,2519.7191083379,2.87540960779398,0.499689536055256,0.627807776669176,0.313708976655702
2.52652652652653,2.51430467928283,756.704832788982,1725.42918938063,0.06,1072.25010795449,5.59570939232274e-05,2520.64333358483,2.88959326506337,0.500606596289634,0.628212151205278,0.314487146762663
2.53153153153153,2.51905507900441,758.20385187137,1727.33969479174,0.06,1072.77622460787,5.59296511459615e-05,2521.56939152111,2.90385359527459,0.501521605713727,0.628616495387453,0.315264754144851
2.53653653653654,2.52380452498278,759.702870953757,1729.24643129542,0.06,1073.29834621939,5.59024433526293e-05,2522.49728214677,2.91819093062974,0.502434566128185,0.629020807529299,0.316041796516584
2.54154154154154,2.5285530178698,761.201890036144,1731.14941392612,0.06,1073.81648872554,5.58754690675415e-05,2523.42700546179,2.932605604621,0.503345479368672,0.629425085954079,0.316818271616224
2.54654654654655,2.53330055831986,762.700909118531,1733.04865767633,0.06,1074.33066801838,5.58487268269751e-05,2524.35856146617,2.9470979520326,0.504254347305409,0.62982932899469,0.317594177206021
2.55155155155155,2.53804714698992,764.199928200918,1734.94417749651,0.06,1074.84089994538,5.58222151790549e-05,2525.29195015993,2.96166830894291,0.50516117184273,0.630233534993623,0.318369511071965
2.55655655655656,2.54279278453947,765.698947283305,1736.83598829501,0.06,1075.34720030941,5.57959326836358e-05,2526.22717154304,2.97631701272638,0.506065954918635,0.630637702302936,0.319144271023629
2.56156156156156,2.54753747163044,767.197966365692,1738.72410493803,0.06,1075.84958486862,5.5769877912187e-05,2527.16422561552,2.99104440205568,0.506968698504351,0.631041829284214,0.319918454894023
2.56656656656657,2.55228120892726,768.696985448079,1740.6085422495,0.06,1076.34806933639,5.57440494476774e-05,2528.10311237737,3.00585081690372,0.507869404603894,0.631445914308534,0.320692060539436
2.57157157157157,2.55702399709678,770.196004530466,1742.48931501107,0.06,1076.84266938127,5.5718445884462e-05,2529.04383182858,3.0207365985457,0.508768075253631,0.631849955756436,0.321465085839294
2.57657657657658,2.56176583680823,771.695023612853,1744.36643796203,0.06,1077.33340062689,5.56930658281701e-05,2529.98638396916,3.03570208956119,0.509664712521857,0.632253952017883,0.322237528696003
2.58158158158158,2.56650672873324,773.19404269524,1746.23992579922,0.06,1077.82027865193,5.56679078955948e-05,2530.9307687991,3.05074763383627,0.510559318508365,0.632657901492229,0.323009387034805
2.58658658658659,2.57124667354577,774.693061777627,1748.10979317704,0.06,1078.30331899003,5.56429707145831e-05,2531.87698631841,3.06587357656556,0.511451895344021,0.633061802588184,0.323780658803629
2.59159159159159,2.57598567192211,776.192080860014,1749.97605470734,0.06,1078.78253712976,5.56182529239281e-05,2532.82503652708,3.08108026425437,0.512342445190349,0.63346565372378,0.324551341972944
2.5965965965966,2.58072372454085,777.691099942401,1751.8387249594,0.06,1079.25794851456,5.55937531732622e-05,2533.77491942512,3.0963680447208,0.513230970239109,0.633869453326336,0.325321434535609
2.6016016016016,2.58546083208282,779.190119024788,1753.69781845989,0.06,1079.72956854269,5.55694701229511e-05,2534.72663501252,3.11173726709789,0.514117472711892,0.634273199832423,0.32609093450673
2.60660660660661,2.59019699523111,780.689138107175,1755.55334969278,0.06,1080.19741256717,5.55454024439897e-05,2535.68018328929,3.12718828183574,0.515001954859704,0.634676891687832,0.326859839923514
2.61161161161161,2.594932214671,782.188157189562,1757.40533309936,0.06,1080.66149589576,5.55215488178986e-05,2536.63556425543,3.14272144070366,0.515884418962568,0.635080527347537,0.327628148845125
2.61661661661662,2.59966649108999,783.68717627195,1759.25378307817,0.06,1081.12183379091,5.54979079366223e-05,2537.59277791093,3.15833709679232,0.516764867329114,0.635484105275661,0.328395859352538
2.62162162162162,2.6043998251777,785.186195354337,1761.09871398493,0.06,1081.57844146969,5.5474478502428e-05,2538.55182425579,3.17403560451593,0.517643302296187,0.635887623945444,0.329162969548395
2.62662662662663,2.60913221762591,786.685214436724,1762.94014013259,0.06,1082.03133410382,5.54512592278064e-05,2539.51270329002,3.18981731961444,0.518519726228448,0.636291081839203,0.329929477556867
2.63163163163163,2.61386366912849,788.184233519111,1764.77807579121,0.06,1082.48052681957,5.54282488353723e-05,2540.47541501362,3.20568259915566,0.519394141517986,0.636694477448307,0.330695381523506
2.63663663663664,2.61859418038141,789.683252601498,1766.61253518799,0.06,1082.92603469777,5.54054460577681e-05,2541.43995942658,3.22163180153752,0.520266550583924,0.637097809273133,0.331460679615107
2.64164164164164,2.62332375208268,791.182271683885,1768.44353250722,0.06,1083.36787277377,5.53828496375668e-05,2542.4063365289,3.23766528649023,0.52113695587204,0.637501075823036,0.332225370019568
2.64664664664665,2.62805238493234,792.681290766272,1770.27108189025,0.06,1083.8060560374,5.53604583271766e-05,2543.37454632059,3.25378341507851,0.522005359854384,0.637904275616319,0.332989450945747
2.65165165165165,2.63278007963244,794.180309848659,1772.0951974355,0.06,1084.24059943298,5.53382708887475e-05,2544.34458880165,3.26998654970382,0.522871765028897,0.638307407180189,0.333752920623324
2.65665665665666,2.63750683688702,795.679328931046,1773.9158931984,0.06,1084.67151785926,5.53162860940774e-05,2545.31646397207,3.28627505410658,0.523736173919037,0.638710469050732,0.334515777302664
2.66166166166166,2.64223265740206,797.178348013433,1775.73318319139,0.06,1085.09882616944,5.52945027245205e-05,2546.29017183186,3.30264929336839,0.524598589073413,0.639113459772874,0.335278019254677
2.66666666666667,2.64695754188547,798.67736709582,1777.5470813839,0.06,1085.52253917112,5.52729195708961e-05,2547.26571238101,3.31910963391431,0.525459013065408,0.639516377900347,0.336039644770681
2.67167167167167,2.65168149104709,800.176386178207,1779.35760170237,0.06,1085.9426716263,5.52515354333984e-05,2548.24308561953,3.33565644351511,0.526317448492819,0.639919221995658,0.336800652162264
2.67667667667668,2.6564045055986,801.675405260594,1781.16475803017,0.06,1086.35923825139,5.52303491215082e-05,2549.22229154741,3.3522900912895,0.527173897977495,0.640321990630051,0.337561039761153
2.68168168168168,2.66112658625358,803.174424342981,1782.96856420768,0.06,1086.77225371716,5.52093594539039e-05,2550.20333016466,3.36901094770644,0.528028364164978,0.640724682383475,0.338320805919072
2.68668668668669,2.66584773372742,804.673443425368,1784.7690340322,0.06,1087.18173264876,5.51885652583755e-05,2551.18620147128,3.38581938458741,0.528880849724148,0.641127295844551,0.339079949007612
2.69169169169169,2.67056794873732,806.172462507755,1786.56618125799,0.06,1087.58768962572,5.51679653717379e-05,2552.17090546726,3.40271577510869,0.529731357346868,0.641529829610538,0.339838467418095
2.6966966966967,2.67528723200228,807.671481590142,1788.36001959628,0.06,1087.99013918192,5.51475586397459e-05,2553.1574421526,3.41970049380365,0.530579889747639,0.641932282287294,0.340596359561443
2.7017017017017,2.68000558424305,809.170500672529,1790.15056271523,0.06,1088.38909580561,5.51273439170105e-05,2554.14581152731,3.4367739165651,0.531426449663253,0.64233465248925,0.341353623868042
2.70670670670671,2.68472300618213,810.669519754916,1791.93782423995,0.06,1088.78457393943,5.51073200669153e-05,2555.13601359138,3.45393642064753,0.532271039852449,0.64273693883937,0.342110258787611
2.71171171171171,2.68943949854373,812.168538837303,1793.72181775252,0.06,1089.17658798036,5.50874859615342e-05,2556.12804834482,3.47118838466947,0.533113663095573,0.643139139969121,0.342866262789075
2.71671671671672,2.69415506205374,813.66755791969,1795.50255679197,0.06,1089.5651522798,5.50678404815503e-05,2557.12191578763,3.48853018861584,0.533954322194245,0.643541254518437,0.343621634360426
2.72172172172172,2.69886969743975,815.166577002077,1797.28005485431,0.06,1089.9502811435,5.50483825161753e-05,2558.1176159198,3.50596221384024,0.534793019971021,0.643943281135688,0.344376372008603
2.72672672672673,2.70358340543098,816.665596084465,1799.05432539253,0.06,1090.33198883162,5.50291109630701e-05,2559.11514874134,3.52348484306732,0.535629759269068,0.644345218477641,0.345130474259354
2.73173173173173,2.70829618675828,818.164615166852,1800.82538181659,0.06,1090.71028955874,5.50100247282658e-05,2560.11451425224,3.5410984603951,0.53646454295183,0.644747065209432,0.345883939657112
2.73673673673674,2.71300804215409,819.663634249239,1802.59323749348,0.06,1091.08519749385,5.49911227260861e-05,2561.11571245251,3.55880345129738,0.537297373902709,0.645148820004531,0.346636766764866
2.74174174174174,2.71771897235246,821.162653331626,1804.35790574718,0.06,1091.45672676039,5.49724038790701e-05,2562.11874334214,3.57660020262603,0.538128255024742,0.645550481544708,0.347388954164036
2.74674674674675,2.72242897808896,822.661672414013,1806.11939985875,0.06,1091.82489143626,5.49538671178966e-05,2563.12360692114,3.59448910261346,0.538957189240283,0.645952048519997,0.348140500454341
2.75175175175175,2.72713806010074,824.1606914964,1807.87773306625,0.06,1092.18970555382,5.49355113813084e-05,2564.1303031895,3.61247054087489,0.539784179490687,0.646353519628668,0.348891404253678
2.75675675675676,2.73184621912644,825.659710578787,1809.63291856486,0.06,1092.55118309997,5.49173356160378e-05,2565.13883214723,3.63054490841082,0.540609228735997,0.646754893577189,0.349641664197996
2.76176176176176,2.73655345590618,827.158729661174,1811.38496950684,0.06,1092.90933801607,5.48993387767335e-05,2566.14919379432,3.64871259760936,0.541432339954635,0.647156169080194,0.350391278941167
2.76676676676677,2.7412597711816,828.657748743561,1813.13389900157,0.06,1093.2641841981,5.48815198258869e-05,2567.16138813078,3.6669740022487,0.542253516143099,0.647557344860451,0.351140247154869
2.77177177177177,2.74596516569575,830.156767825948,1814.87972011557,0.06,1093.61573549656,5.48638777337606e-05,2568.1754151566,3.68532951749944,0.543072760315653,0.64795841964883,0.351888567528458
2.77677677677678,2.75066964019312,831.655786908335,1816.62244587257,0.06,1093.96400571659,5.48464114783171e-05,2569.19127487179,3.70377953992707,0.54389007550403,0.648359392184264,0.352636238768846
2.78178178178178,2.75537319541961,833.154805990722,1818.36208925346,0.06,1094.30900861794,5.4829120045148e-05,2570.20896727635,3.72232446749432,0.544705464757133,0.648760261213723,0.35338325960038
2.78678678678679,2.76007583212253,834.653825073109,1820.09866319638,0.06,1094.65075791505,5.48120024274045e-05,2571.22849237027,3.74096469956365,0.545518931140741,0.649161025492176,0.354129628764719
2.79179179179179,2.76477755105052,836.152844155496,1821.83218059674,0.06,1094.98926727705,5.47950576257283e-05,2572.24985015355,3.75970063689966,0.546330477737215,0.649561683782561,0.354875345020717
2.7967967967968,2.76947835295361,837.651863237883,1823.56265430726,0.06,1095.32455032781,5.47782846481831e-05,2573.2730406262,3.77853268167152,0.547140107645211,0.649962234855752,0.355620407144298
2.8018018018018,2.77417823858312,839.15088232027,1825.29009713797,0.06,1095.65662064598,5.47616825101876e-05,2574.29806378822,3.79746123745542,0.547947823979388,0.650362677490522,0.35636481392834
2.80680680680681,2.77887720869169,840.649901402657,1827.01452185628,0.06,1095.985491765,5.47452502344483e-05,2575.3249196396,3.81648670923702,0.548753629870131,0.650763010473516,0.357108564182556
2.81181181181181,2.78357526403327,842.148920485044,1828.73594118703,0.06,1096.31117717321,5.47289868508935e-05,2576.35360818035,3.83560950341394,0.549557528463263,0.651163232599216,0.357851656733374
2.81681681681682,2.78827240536305,843.647939567431,1830.45436781248,0.06,1096.63369031379,5.47128913966079e-05,2577.38412941046,3.85483002779816,0.550359522919773,0.651563342669906,0.358594090423822
2.82182182182182,2.79296863343747,845.146958649819,1832.16981437239,0.06,1096.95304458491,5.46969629157682e-05,2578.41648332994,3.87414869161854,0.551159616415534,0.651963339495645,0.35933586411341
2.82682682682683,2.79766394901422,846.645977732206,1833.88229346406,0.06,1097.2692533397,5.46812004595784e-05,2579.45066993878,3.89356590552331,0.551957812141035,0.652363221894227,0.360076976678014
2.83183183183183,2.80235835285218,848.144996814593,1835.59181764236,0.06,1097.58232988631,5.46656030862076e-05,2580.48668923699,3.91308208158249,0.552754113301104,0.652762988691157,0.360817427009759
2.83683683683684,2.80705184571141,849.64401589698,1837.29839941978,0.06,1097.89228748799,5.46501698607262e-05,2581.52454122456,3.93269763329045,0.553548523114649,0.65316263871961,0.361557214016907
2.84184184184184,2.81174442835318,851.143034979367,1839.00205126649,0.06,1098.19913936312,5.46348998550446e-05,2582.5642259015,3.95241297556834,0.554341044814384,0.653562170820405,0.36229633662374
2.84684684684685,2.81643610153987,852.642054061754,1840.70278561036,0.06,1098.50289868523,5.46197921478519e-05,2583.6057432678,3.97222852476665,0.555131681646573,0.653961583841973,0.363034793770451
2.85185185185185,2.82112686603502,854.141073144141,1842.40061483703,0.06,1098.80357858311,5.46048458245549e-05,2584.64909332347,3.99214469866768,0.555920436870767,0.654360876640319,0.363772584413024
2.85685685685686,2.82581672260328,855.640092226528,1844.09555128996,0.06,1099.10119214083,5.45900599772183e-05,2585.6942760685,4.01216191648804,0.556707313759544,0.654760048078994,0.364509707523126
2.86186186186186,2.83050567201038,857.139111308915,1845.78760727047,0.06,1099.39575239779,5.45754337045052e-05,2586.7412915029,4.03228059888122,0.557492315598259,0.655159097029065,0.365246162087998
2.86686686686687,2.83519371502314,858.638130391302,1847.47679503782,0.06,1099.68727234878,5.45609661116184e-05,2587.79013962667,4.05250116794007,0.558275445684791,0.655558022369078,0.365981947110337
2.87187187187187,2.83988085240944,860.137149473689,1849.16312680921,0.06,1099.97576494407,5.45466563102423e-05,2588.8408204398,4.07282404719933,0.559056707329287,0.655956822985029,0.366717061608191
2.87687687687688,2.8445670849382,861.636168556076,1850.84661475989,0.06,1100.26124308941,5.45325034184852e-05,2589.89333394229,4.09324966163819,0.559836103853924,0.656355497770334,0.367451504614847
2.88188188188188,2.84925241337937,863.135187638463,1852.52727102321,0.06,1100.54371964614,5.45185065608224e-05,2590.94768013415,4.11377843768282,0.560613638592656,0.656754045625792,0.368185275178722
2.88688688688689,2.85393683850389,864.63420672085,1854.20510769064,0.06,1100.82320743123,5.450466486804e-05,2592.00385901538,4.1344108032089,0.561389314890975,0.657152465459559,0.368918372363257
2.89189189189189,2.8586203610837,866.133225803237,1855.88013681186,0.06,1101.09971921734,5.44909774771789e-05,2593.06187058597,4.15514718754419,0.562163136105673,0.657550756187112,0.369650795246803
2.8968968968969,2.8633029818917,867.632244885624,1857.55237039483,0.06,1101.37326773289,5.44774435314799e-05,2594.12171484593,4.17598802147108,0.562935105604599,0.657948916731219,0.370382542922521
2.9019019019019,2.86798470170176,869.131263968011,1859.22182040579,0.06,1101.64386566213,5.44640621803287e-05,2595.18339179525,4.19693373722915,0.563705226766431,0.658346946021911,0.371113614498269
2.90690690690691,2.87266552128866,870.630283050398,1860.88849876942,0.06,1101.91152564519,5.44508325792026e-05,2596.24690143394,4.21798476851774,0.564473502980434,0.658744842996445,0.371844009096499
2.91191191191191,2.87734544142813,872.129302132785,1862.55241736882,0.06,1102.17626027816,5.4437753889616e-05,2597.31224376199,4.23914155049851,0.565239937646241,0.659142606599274,0.372573725854154
2.91691691691692,2.88202446289677,873.628321215172,1864.2135880456,0.06,1102.43808211316,5.44248252790682e-05,2598.37941877941,4.26040451979806,0.566004534173613,0.65954023578202,0.373302763922557
2.92192192192192,2.88670258647209,875.127340297559,1865.87202259996,0.06,1102.6970036584,5.44120459209909e-05,2599.44842648619,4.28177411451044,0.566767295982223,0.659937729503439,0.374031122467312
2.92692692692693,2.89137981293244,876.626359379947,1867.34127123864,0.0599840802376442,1102.72566050374,5.43961951608551e-05,2600,4.30325077419981,0.567524988622543,0.660377941064748,0.37478098348935
2.93193193193193,2.89605614305706,878.125378462334,1868.60875768892,0.0599511940644882,1102.5087054894,5.43770709165295e-05,2600,4.32483493990298,0.568277374285588,0.660863700579539,0.375553888525998
2.93693693693694,2.90073157762599,879.624397544721,1869.872443115,0.0599182517044654,1102.28753327209,5.43580961372221e-05,2600,4.34652705413203,0.569027885755752,0.661349491066073,0.37632630264697
2.94194194194194,2.9054061174201,881.123416627108,1871.13234068251,0.0598852531575757,1102.06215796851,5.43392699990404e-05,2600,4.36832756087694,0.569776526317548,0.661835311326279,0.37709822468178
2.94694694694695,2.91007976322106,882.622435709495,1872.38846351343,0.0598521984238192,1101.83259364862,5.43205916840999e-05,2600,4.39023690560813,0.570523299263794,0.662321160168307,0.377869653471446
2.95195195195195,2.91475251581134,884.121454791882,1873.64082468611,0.0598190875031959,1101.59885433569,5.43020603804725e-05,2600,4.41225553527912,0.571268207895397,0.662807036406499,0.3786405878684
2.95695695695696,2.91942437597416,885.620473874269,1874.88943723535,0.0597859203957057,1101.36095400638,5.42836752821357e-05,2600,4.43438389832916,0.572011255521139,0.663292938861366,0.379411026736396
2.96196196196196,2.9240953444935,887.119492956656,1876.13431415249,0.0597526971013487,1101.11890659083,5.42654355889219e-05,2600,4.45662244468579,0.572752445457463,0.66377886635956,0.38018096895042
2.96696696696697,2.92876542215409,888.618512039043,1877.37546838545,0.0597194176201249,1100.87272597269,5.42473405064686e-05,2600,4.47897162576755,0.57349178102827,0.664264817733851,0.380950413396606
2.97197197197197,2.93343460974137,890.11753112143,1878.61291283883,0.0596860819520343,1100.62242598925,5.42293892461693e-05,2600,4.50143189448654,0.574229265564708,0.664750791823104,0.381719358972139
2.97697697697698,2.93810290804149,891.616550203817,1879.84666037399,0.0596526900970768,1100.36802043148,5.42115810251242e-05,2600,4.52400370525108,0.574964902404967,0.665236787472249,0.382487804585175
2.98198198198198,2.9427703178413,893.115569286204,1881.07672380906,0.0596192420552525,1100.10952304413,5.41939150660919e-05,2600,4.54668751396837,0.575698694894078,0.665722803532258,0.383255749154748
2.98698698698699,2.94743683992831,894.614588368591,1882.30311591911,0.0595857378265613,1099.84694752579,5.41763905974418e-05,2600,4.56948377804709,0.576430646383712,0.666208838860122,0.384023191610682
2.99199199199199,2.9521024750907,896.113607450978,1883.52584943614,0.0595521774110033,1099.58030752899,5.41590068531063e-05,2600,4.59239295640012,0.577160760231977,0.666694892318825,0.384790130893509
2.996996996997,2.95676722411731,897.612626533365,1884.74493704921,0.0595185608085785,1099.30961666027,5.41417630725342e-05,2600,4.61541550944711,0.577889039803232,0.667180962777318,0.385556565954381
3.002002002002,2.96143108779759,899.111645615752,1885.9603914045,0.0594848880192869,1099.03488848025,5.41246585006439e-05,2600,4.6385518991172,0.578615488467881,0.667667049110497,0.386322495754979
3.00700700700701,2.96609406692163,900.610664698139,1887.17222510538,0.0594511590431284,1098.75613650375,5.41076923877779e-05,2600,4.66180258885167,0.579340109602186,0.668153150199175,0.387087919267436
3.01201201201201,2.97075616228009,902.109683780526,1888.38045071251,0.0594173738801031,1098.47337419985,5.40908639896565e-05,2600,4.68516804360657,0.580062906588079,0.66863926493006,0.387852835474247
3.01701701701702,2.97541737466425,903.608702862913,1889.58508074391,0.059383532530211,1098.18661499195,5.40741725673339e-05,2600,4.70864872985546,0.580783882812967,0.669125392195731,0.388617243368186
3.02202202202202,2.98007770486594,905.1077219453,1890.78612767502,0.059349634993452,1097.89587225791,5.40576173871522e-05,2600,4.73224511559202,0.581503041669553,0.66961153089461,0.389381141952221
3.02702702702703,2.98473715367757,906.606741027687,1891.98360393882,0.0593156812698262,1097.60115933011,5.40411977206986e-05,2600,4.75595767033276,0.582220386555645,0.670097679930942,0.390144530239434
3.03203203203203,2.98939572189208,908.105760110075,1893.17752192589,0.0592816713593336,1097.30248949551,5.40249128447607e-05,2600,4.77978686511972,0.582935920873977,0.670583838214769,0.390907407252932
3.03703703703704,2.99405341030294,909.604779192462,1894.3678939845,0.0592476052619742,1096.99987599579,5.40087620412836e-05,2600,4.80373317252312,0.583649648032028,0.671070004661906,0.391669772025773
3.04204204204204,2.99871021970416,911.103798274849,1895.55473242068,0.0592134829777479,1096.69333202741,5.39927445973273e-05,2600,4.82779706664407,0.584361571441843,0.671556178193915,0.392431623600874
3.04704704704705,3.00336615089021,912.602817357236,1896.73804949833,0.0591793045066548,1096.38287074171,5.39768598050237e-05,2600,4.85197902311731,0.585071694519855,0.672042357738086,0.39319296103094
3.05205205205205,3.0080212046561,914.101836439623,1897.91785743928,0.0591450698486948,1096.06850524499,5.39611069615351e-05,2600,4.87627951911381,0.585780020686714,0.672528542227406,0.393953783378375
3.05705705705706,3.01267538179727,915.60085552201,1899.09416842341,0.059110779003868,1095.75024859861,5.39454853690125e-05,2600,4.90069903334358,0.586486553367108,0.673014730600541,0.394714089715204
3.06206206206206,3.01732868310965,917.099874604397,1900.26699458869,0.0590764319721744,1095.42811381908,5.39299943345544e-05,2600,4.92523804605832,0.587191295989598,0.673500921801812,0.395473879122995
3.06706706706707,3.02198110938961,918.598893686784,1901.4363480313,0.059042028753614,1095.10211387815,5.39146331701662e-05,2600,4.94989703905415,0.587894251986442,0.673987114781167,0.396233150692774
3.07207207207207,3.02663266143397,920.097912769171,1902.60224080574,0.0590075693481867,1094.77226170292,5.38994011927194e-05,2600,4.97467649567431,0.588595424793435,0.674473308494159,0.396991903524953
3.07707707707708,3.03128334003994,921.596931851558,1903.76468492484,0.0589730537558926,1094.43857017593,5.38842977239123e-05,2600,4.99957690081192,0.589294817849738,0.674959501901928,0.397750136729246
3.08208208208208,3.03593314600517,923.095950933945,1904.92369235996,0.0589384819767317,1094.10105213522,5.38693220902301e-05,2600,5.02459874091269,0.589992434597714,0.675445693971168,0.398507849424592
3.08708708708709,3.0405820801277,924.594970016332,1906.07927504097,0.0589038540107039,1093.75972037448,5.38544736229058e-05,2600,5.04974250397759,0.590688278482769,0.675931883674112,0.399265040739076
3.09209209209209,3.04523014320594,926.093989098719,1907.23144485642,0.0588691698578094,1093.4145876431,5.38397516578812e-05,2600,5.07500867956567,0.591382352953189,0.676418069988504,0.400021709809856
3.0970970970971,3.04987733603868,927.593008181106,1908.38021365359,0.0588344295180479,1093.06566664633,5.38251555357693e-05,2600,5.10039775879675,0.592074661459983,0.676904251897576,0.400777855783081
3.1021021021021,3.05452365942508,929.092027263493,1909.52559323863,0.0587996329914197,1092.71297004529,5.38106846018151e-05,2600,5.12591023435416,0.592765207456726,0.677390428390028,0.401533477813815
3.10710710710711,3.05916911416462,930.59104634588,1910.66759537657,0.0587647802779246,1092.35651045714,5.37963382058591e-05,2600,5.15154660048751,0.5934539943994,0.677876598460002,0.402288575065966
3.11211211211211,3.06381370105713,932.090065428267,1911.8062317915,0.0587298713775627,1091.99630045517,5.37821157022994e-05,2600,5.17730735301541,0.594141025746247,0.678362761107058,0.403043146712204
3.11711711711712,3.06845742090277,933.589084510654,1912.9415141666,0.0586949062903339,1091.63235256885,5.3768016450055e-05,2600,5.20319298932822,0.594826304957611,0.678848915336157,0.403797191933888
3.12212212212212,3.07310027450199,935.088103593041,1914.07345414429,0.0586598850162384,1091.26467928399,5.37540398125291e-05,2600,5.22920400839084,0.595509835495792,0.67933506015763,0.404550709920994
3.12712712712713,3.07774226265554,936.587122675428,1915.20206332628,0.058624807555276,1090.89329304282,5.37401851575731e-05,2600,5.25534091074542,0.596191620824898,0.679821194587161,0.405303699872038
3.13213213213213,3.08238338616446,938.086141757816,1916.32735327367,0.0585896739074467,1090.51820624408,5.37264518574511e-05,2600,5.28160419851416,0.59687166441069,0.680307317645764,0.406056160993999
3.13713713713714,3.08702364583006,939.585160840203,1917.44933550709,0.0585544840727506,1090.13943124314,5.37128392888035e-05,2600,5.30799437540208,0.597549969720448,0.680793428359756,0.406808092502252
3.14214214214214,3.09166304245392,941.08417992259,1918.56802150673,0.0585192380511877,1089.75698035209,5.36993468326129e-05,2600,5.33451194669975,0.598226540222822,0.68127952576074,0.407559493620493
3.14714714714715,3.09630157683785,942.583199004977,1919.68342271249,0.058483935842758,1089.37086583984,5.36859738741686e-05,2600,5.36115741928607,0.598901379387688,0.68176560888558,0.408310363580661
3.15215215215215,3.10093924978392,944.082218087364,1920.79555052406,0.0584485774474615,1088.98109993224,5.36727198030325e-05,2600,5.3879313016311,0.599574490686012,0.682251676776376,0.409060701622873
3.15715715715716,3.10557606209441,945.581237169751,1921.90441630101,0.0584131628652981,1088.58769481219,5.3659584013005e-05,2600,5.41483410379879,0.600245877589705,0.682737728480448,0.409810506995348
3.16216216216216,3.11021201457181,947.080256252138,1923.0100313629,0.0583776920962679,1088.1906626197,5.3646565902091e-05,2600,5.44186633744976,0.600915543571494,0.683223763050309,0.410559778954338
3.16716716716717,3.11484710801883,948.579275334525,1924.11240698937,0.0583421651403708,1087.79001545205,5.36336648724667e-05,2600,5.46902851584413,0.601583492104779,0.683709779543641,0.411308516764053
3.17217217217217,3.11948134323838,950.078294416912,1925.21155442024,0.0583065819976069,1087.38576536387,5.36208803304462e-05,2600,5.49632115384424,0.602249726663502,0.684195777023282,0.412056719696594
3.17717717717718,3.12411472103351,951.577313499299,1926.30748485563,0.0582709426679762,1086.97792436725,5.36082116864489e-05,2600,5.52374476791754,0.602914250722014,0.684681754557192,0.412804387031883
3.18218218218218,3.12874724220748,953.076332581686,1927.40020945602,0.0582352471514787,1086.56650443182,5.35956583549672e-05,2600,5.5512998761393,0.603577067754941,0.685167711218442,0.413551518057591
3.18718718718719,3.13337890756369,954.575351664073,1928.48973934239,0.0581994954481143,1086.15151748491,5.35832197545338e-05,2600,5.57898699819546,0.60423818123706,0.685653646085183,0.41429811206907
3.19219219219219,3.13800971790569,956.07437074646,1929.5760855963,0.0581636875578831,1085.73297541163,5.35708953076901e-05,2600,5.6068066553854,0.604897594643166,0.686139558240632,0.415044168369283
3.1971971971972,3.14263967403718,957.573389828847,1930.65925925999,0.0581278234807851,1085.31089005495,5.35586844409549e-05,2600,5.63475937062477,0.605555311447945,0.686625446773045,0.415789686268736
3.2022022022022,3.14726877676197,959.072408911234,1931.73927133649,0.0580919032168202,1084.88527321587,5.35465865847928e-05,2600,5.66284566844831,0.606211335125851,0.687111310775699,0.41653466508541
3.20720720720721,3.151897026884,960.571427993621,1932.81613278973,0.0580559267659885,1084.45613665347,5.35346011735832e-05,2600,5.69106607501265,0.606865669150982,0.687597149346867,0.417279104144694
3.21221221221221,3.15652442520729,962.070447076008,1933.88985454461,0.05801989412829,1084.02349208506,5.35227276455901e-05,2600,5.7194211180991,0.607518316996954,0.6880829615898,0.418023002779315
3.21721721721722,3.161150972536,963.569466158395,1934.96044748714,0.0579838053037246,1083.58735118625,5.3510965442931e-05,2600,5.74791132711651,0.608169282136786,0.688568746612703,0.418766360329274
3.22222222222222,3.16577666967432,965.068485240782,1936.02792246453,0.0579476602922924,1083.14772559111,5.34993140115476e-05,2600,5.7765372331041,0.608818568042772,0.689054503528715,0.419509176141775
3.22722722722723,3.17040151742657,966.567504323169,1937.09229028526,0.0579114590939934,1082.70462689223,5.34877728011756e-05,2600,5.80529936873423,0.609466178186371,0.689540231455887,0.420251449571165
3.23223223223223,3.17502551659709,968.066523405556,1938.15356171925,0.0578752017088275,1082.25806664087,5.34763412653152e-05,2600,5.8341982683153,0.610112116038084,0.690025929517164,0.420993179978863
3.23723723723724,3.1796486679903,969.565542487944,1939.2117474979,0.0578388881367949,1081.80805634704,5.34650188612019e-05,2600,5.86323446779452,0.610756385067341,0.690511596840359,0.421734366733295
3.24224224224224,3.18427097241066,971.064561570331,1940.26685831424,0.0578025183778953,1081.35460747964,5.34538050497777e-05,2600,5.89240850476077,0.611398988742386,0.690997232558137,0.422475009209832
3.24724724724725,3.18889243066266,972.563580652718,1941.318904823,0.057766092432129,1080.89773146653,5.34426992956621e-05,2600,5.92172091844747,0.612039930530164,0.691482835807988,0.423215106790722
3.25225225225225,3.19351304355081,974.062599735105,1942.36789764074,0.0577296102994958,1080.43743969469,5.34317010671244e-05,2600,5.95117224973538,0.612679213896211,0.691968405732213,0.423954658865027
3.25725725725726,3.19813281187965,975.561618817492,1943.41384734594,0.0576930719799958,1079.9737435103,5.34208098360546e-05,2600,5.98076304115545,0.613316842304541,0.692453941477899,0.424693664828558
3.26226226226226,3.20275173645371,977.060637899879,1944.45676447911,0.057656477473629,1079.50665421887,5.34100250779363e-05,2600,6.01049383689169,0.613952819217537,0.692939442196901,0.425432124083814
3.26726726726727,3.20736981807754,978.559656982266,1945.4966595429,0.0576198267803953,1079.03618308533,5.33993462718189e-05,2600,6.04036518278401,0.614587148095845,0.693424907045817,0.426170036039915
3.27227227227227,3.21198705755564,980.058676064653,1946.53354300218,0.0575831199002948,1078.56234133417,5.338877290029e-05,2600,6.07037762633106,0.615219832398268,0.693910335185975,0.426907400112541
3.27727727727728,3.21660345569253,981.55769514704,1947.56742528419,0.0575463568333275,1078.08514014952,5.33783044494486e-05,2600,6.10053171669311,0.615850875581658,0.694395725783404,0.42764421572387
3.28228228228228,3.22121901329266,983.056714229427,1948.59831677861,0.0575095375794933,1077.6045906753,5.33679404088785e-05,2600,6.13082800469488,0.616480281100813,0.694881078008819,0.428380482302513
3.28728728728729,3.22583373116046,984.555733311814,1949.62622783768,0.0574726621387924,1077.12070401531,5.33576802716211e-05,2600,6.16126704282845,0.617108052408376,0.695366391037602,0.429116199283456
3.29229229229229,3.23044761010031,986.054752394201,1950.65116877631,0.0574357305112245,1076.63349123335,5.33475235341495e-05,2600,6.19184938525606,0.61773419295473,0.695851664049776,0.429851366107995
3.2972972972973,3.23506065091652,987.553771476588,1951.67314987216,0.0573987426967899,1076.14296335332,5.33374696963426e-05,2600,6.22257558781306,0.618358706187902,0.696336896229992,0.430585982223677
3.3023023023023,3.23967285441334,989.052790558975,1952.69218136579,0.0573616986954884,1075.64913135936,5.33275182614588e-05,2600,6.25344620801071,0.61898159555346,0.696822086767501,0.431320047084239
3.30730730730731,3.24428422139494,990.551809641362,1953.70827346074,0.0573245985073201,1075.15200619594,5.33176687361106e-05,2600,6.28446180503906,0.619602864494415,0.697307234856144,0.432053560149546
3.31231231231231,3.24889475266541,992.050828723749,1954.72143632363,0.057287442132285,1074.65159876801,5.33079206302396e-05,2600,6.3156229397699,0.620222516451128,0.697792339694321,0.432786520885532
3.31731731731732,3.25350444902874,993.549847806136,1955.73168008428,0.057250229570383,1074.14791994104,5.32982734570908e-05,2600,6.34693017475955,0.620840554861212,0.698277400484981,0.43351892876414
3.32232232232232,3.25811331128881,995.048866888523,1956.73901483583,0.0572129608216142,1073.64098054123,5.32887267331884e-05,2600,6.37838407425181,0.621456983159434,0.698762416435595,0.434250783263261
3.32732732732733,3.26272134024941,996.54788597091,1957.74345063481,0.0571756358859785,1073.13079135556,5.32792799783104e-05,2600,6.40998520418077,0.622071804777627,0.699247386758144,0.434982083866678
3.33233233233233,3.26732853671418,998.046905053297,1958.74499750129,0.0571382547634761,1072.61736313191,5.32699327154648e-05,2600,6.44173413217379,0.622685023144598,0.699732310669092,0.435712830064006
3.33733733733734,3.27193490148666,999.545924135685,1959.74366541896,0.0571008174541068,1072.10070657921,5.32606844708653e-05,2600,6.47363142755433,0.623296641686031,0.700217187389368,0.436443021350631
3.34234234234234,3.27654043537023,1001.04494321807,1960.73946433524,0.0570633239578707,1071.58083236751,5.32515347739071e-05,2600,6.50567766134485,0.623906663824401,0.700702016144353,0.437172657227655
3.34734734734735,3.28114513916815,1002.54396230046,1961.73240416139,0.0570257742747677,1071.05775112814,5.32424831571434e-05,2600,6.53787340626974,0.624515092978886,0.701186796163852,0.437901737201835
3.35235235235235,3.2857490136835,1004.04298138285,1962.72249477264,0.0569881684047979,1070.53147345378,5.32335291562618e-05,2600,6.57021923675816,0.625121932565276,0.701671526682082,0.438630260785531
3.35735735735736,3.29035205971921,1005.54200046523,1963.70974600826,0.0569505063479613,1070.00200989863,5.32246723100611e-05,2600,6.60271572894701,0.625727185995889,0.702156206937646,0.439358227496641
3.36236236236236,3.29495427807805,1007.04101954762,1964.69416767171,0.0569127881042579,1069.46937097846,5.32159121604281e-05,2600,6.63536346068378,0.626330856679484,0.702640836173521,0.440085636858551
3.36736736736737,3.29955566956259,1008.54003863001,1965.67576953068,0.0568750136736876,1068.93356717077,5.32072482523148e-05,2600,6.66816301152949,0.626932948021176,0.703125413637034,0.440812488400075
3.37237237237237,3.30415623497525,1010.03905771239,1966.6545613173,0.0568371830562505,1068.39460891491,5.31986801337156e-05,2600,6.70111496276157,0.627533463422354,0.703609938579845,0.4415387816554
3.37737737737738,3.30875597511822,1011.53807679478,1967.63055272815,0.0567992962519465,1067.85250661216,5.31902073556454e-05,2600,6.73421989737683,0.628132406280594,0.704094410257929,0.442264516164029
3.38238238238238,3.31335489079351,1013.03709587717,1968.60375342444,0.0567613532607757,1067.30727062588,5.31818294721165e-05,2600,6.76747840009429,0.628729779989584,0.704578827931554,0.442989691470725
3.38738738738739,3.31795298280292,1014.53611495955,1969.57417303205,0.0567233540827381,1066.75891128161,5.31735460401175e-05,2600,6.80089105735817,0.629325587939037,0.705063190865266,0.443714307125457
3.39239239239239,3.32255025194803,1016.03513404194,1970.54182114172,0.0566852987178337,1066.20743886718,5.31653566195906e-05,2600,6.83445845734077,0.629919833514617,0.705547498327869,0.444438362683346
3.3973973973974,3.32714669903019,1017.53415312433,1971.50670730908,0.0566471871660625,1065.65286363283,5.31572607734107e-05,2600,6.86818118994542,0.630512520097856,0.706031749592407,0.445161857704607
3.4024024024024,3.33174232485054,1019.03317220672,1972.46884105482,0.0566090194274243,1065.09519579136,5.31492580673637e-05,2600,6.90205984680938,0.631103651066078,0.706515943936144,0.445884791754496
3.40740740740741,3.33633713020996,1020.5321912891,1973.42823186475,0.0565707955019194,1064.53444551818,5.31413480701251e-05,2600,6.93609502130679,0.631693229792323,0.707000080640546,0.44660716440326
3.41241241241241,3.3409311159091,1022.03121037149,1974.38488918996,0.0565325153895477,1063.97062295149,5.31335303532392e-05,2600,6.97028730855157,0.632281259645271,0.707484158991266,0.447328975226073
3.41741741741742,3.34552428274833,1023.53022945388,1975.33882244686,0.0564941790903091,1063.40373819234,5.31258044910982e-05,2600,7.0046373054004,0.632867743989166,0.707968178278121,0.448050223802994
3.42242242242242,3.35011663152781,1025.02924853626,1976.29004101737,0.0564557866042037,1062.83380130479,5.31181700609215e-05,2600,7.03914561045559,0.633452686183743,0.708452137795078,0.448770909718907
3.42742742742743,3.35470816304738,1026.52826761865,1977.23855424895,0.0564173379312314,1062.26082231602,5.31106266427355e-05,2600,7.0738128240681,0.634036089584156,0.708936036840231,0.449491032563469
3.43243243243243,3.35929887810663,1028.02728670104,1978.18437145477,0.0563788330713923,1061.68481121642,5.3103173819353e-05,2600,7.1086395483404,0.634617957540905,0.709419874715789,0.450210591931059
3.43743743743744,3.36388877750489,1029.52630578343,1979.12750191378,0.0563402720246864,1061.10577795972,5.30958111763532e-05,2600,7.14362638712945,0.635198293399764,0.709903650728055,0.450929587420722
3.44244244244244,3.36847786204115,1031.02532486581,1980.06795487084,0.0563016547911137,1060.52373246311,5.30885383020619e-05,2600,7.17877394604969,0.635777100501713,0.710387364187406,0.451648018636124
3.44744744744745,3.37306613251416,1032.5243439482,1981.00573953682,0.0562629813706741,1059.93868460738,5.30813547875319e-05,2600,7.21408283247588,0.636354382182868,0.710871014408281,0.452365885185491
3.45245245245245,3.37765358972232,1034.02336303059,1981.9408650887,0.0562242517633677,1059.35064423697,5.30742602265231e-05,2600,7.24955365554613,0.636930141774411,0.711354600709159,0.453083186681564
3.45745745745746,3.38224023446377,1035.52238211297,1982.8733406697,0.0561854659691945,1058.75962116015,5.30672542154835e-05,2600,7.28518702616485,0.637504382602524,0.71183812241254,0.453799922741546
3.46246246246246,3.38682606753629,1037.02140119536,1983.80317538937,0.0561466239881544,1058.1656251491,5.30603363535298e-05,2600,7.32098355700567,0.638077107988321,0.712321578844934,0.45451609298705
3.46746746746747,3.39141108973736,1038.52042027775,1984.7303783237,0.0561077258202475,1057.56866594005,5.30535062424286e-05,2600,7.35694386251443,0.638648321247786,0.712804969336835,0.45523169704405
3.47247247247247,3.39599530186415,1040.01943936013,1985.65495851524,0.0560687714654738,1056.96875323338,5.30467634865773e-05,2600,7.39306855891211,0.639218025691702,0.713288293222713,0.455946734542827
3.47747747747748,3.40057870471345,1041.51845844252,1986.57692497321,0.0560297609238333,1056.36589669374,5.30401076929857e-05,2600,7.42935826419782,0.639786224625591,0.713771549840989,0.456661205117923
3.48248248248248,3.40516129908175,1043.01747752491,1987.49628667357,0.0559906941953259,1055.76010595015,5.30335384712574e-05,2600,7.46581359815174,0.64035292134965,0.714254738534021,0.457375108408091
3.48748748748749,3.40974308576518,1044.5164966073,1988.41305255919,0.0559515712799517,1055.15139059614,5.30270554335714e-05,2600,7.50243518233809,0.640918119158689,0.714737858648087,0.458088444056241
3.49249249249249,3.4143240655595,1046.01551568968,1989.3272315399,0.0559123921777106,1054.53976018988,5.30206581946642e-05,2600,7.53922364010812,0.641481821342065,0.715220909533368,0.458801211709393
3.4974974974975,3.41890423926014,1047.51453477207,1990.23883249265,0.0558731568886027,1053.92522425423,5.30143463718115e-05,2600,7.57617959660307,0.642044031183628,0.715703890543928,0.45951341101863
3.5025025025025,3.42348360766214,1049.01355385446,1991.14786426156,0.055833865412628,1053.30779227693,5.30081195848105e-05,2600,7.61330367875712,0.642604751961655,0.716186801037704,0.460225041639045
3.50750750750751,3.42806217156018,1050.51257293684,1992.05433565809,0.0557945177497865,1052.68747371066,5.30019774559626e-05,2600,7.65059651530041,0.643163986948794,0.716669640376483,0.460936103229697
3.51251251251251,3.43263993174856,1052.01159201923,1992.95825546109,0.0557551139000781,1052.0642779732,5.2995919610055e-05,2600,7.68805873676197,0.643721739412005,0.717152407925885,0.461646595453558
3.51751751751752,3.43721688902119,1053.51061110162,1993.85963241697,0.0557156538635029,1051.4382144475,5.29899456743445e-05,2600,7.72569097547275,0.644278012612499,0.717635103055351,0.462356517977467
3.52252252252252,3.4417930441716,1055.00963018401,1994.75847523973,0.0556761376400609,1050.80929248185,5.29840552785393e-05,2600,7.76349386556854,0.644832809805687,0.718117725138122,0.463065870472083
3.52752752752753,3.44636839799292,1056.50864926639,1995.65479261113,0.055636565229752,1050.17752138992,5.29782480547827e-05,2600,7.80146804299301,0.645386134241116,0.718600273551228,0.463774652611836
3.53253253253253,3.45094295127787,1058.00766834878,1996.5485931808,0.0555969366325763,1049.54291045096,5.29725236376358e-05,2600,7.83961414550069,0.645937989162422,0.719082747675463,0.464482864074878
3.53753753753754,3.45551670481877,1059.50668743117,1997.43988556629,0.0555572518485338,1048.90546890984,5.29668816640609e-05,2600,7.87793281265993,0.646488377807266,0.719565146895378,0.46519050454304
3.54254254254254,3.46008965940754,1061.00570651355,1998.32867835324,0.0555175108776245,1048.26520597723,5.29613217734049e-05,2600,7.91642468585591,0.647037303407289,0.720047470599255,0.465897573701782
3.54754754754755,3.46466181583566,1062.50472559594,1999.21498009542,0.0554777137198483,1047.62213082965,5.29558436073831e-05,2600,7.95509040829365,0.647584769188052,0.720529718179102,0.466604071240146
3.55255255255255,3.4692331748942,1064.00374467833,2000.09879931493,0.0554378603752053,1046.97625260964,5.29504468100627e-05,2600,7.99393062500092,0.648130778368982,0.721011889030627,0.467309996850711
3.55755755755756,3.4738037373738,1065.50276376071,2000.9801445022,0.0553979508436954,1046.32758042583,5.29451310278465e-05,2600,8.03294598283141,0.648675334163331,0.721493982553227,0.468015350229547
3.56256256256256,3.47837350406464,1067.0017828431,2001.8590241162,0.0553579851253187,1045.67612335311,5.29398959094575e-05,2600,8.07213713046753,0.64921843977811,0.72197599814997,0.468720131076168
3.56756756756757,3.4829424757565,1068.50080192549,2002.73544658446,0.0553179632200752,1045.02189043268,5.29347411059223e-05,2600,8.11150471842357,0.649760098414049,0.722457935227582,0.469424339093484
3.57257257257257,3.48751065323869,1069.99982100788,2003.60942030323,0.0552778851279649,1044.36489067219,5.29296662705563e-05,2600,8.15104939904858,0.650300313265543,0.722939793196425,0.470127973987762
3.57757757757758,3.49207803730007,1071.49884009026,2004.48095363756,0.0552377508489877,1043.70513304587,5.29246710589473e-05,2600,8.1907718265295,0.6508390875206,0.723421571470489,0.470831035468572
3.58258258258258,3.49664462872905,1072.99785917265,2005.35005492143,0.0551975603831437,1043.04262649464,5.29197551289407e-05,2600,8.23067265689406,0.651376424360799,0.723903269467373,0.471533523248749
3.58758758758759,3.50121042831357,1074.49687825504,2006.21673245782,0.0551573137304329,1042.37737992621,5.29149181406236e-05,2600,8.27075254801385,0.651912326961238,0.724384886608264,0.472235437044346
3.59259259259259,3.50577543684111,1075.99589733742,2007.08099451886,0.0551170108908552,1041.70940221517,5.29101597563106e-05,2600,8.31101215960732,0.652446798490484,0.724866422317931,0.472936776574586
3.5975975975976,3.51033965509868,1077.49491641981,2007.94284934591,0.0550766518644107,1041.03870220316,5.29054796405279e-05,2600,8.35145215324279,0.652979842110532,0.725347876024705,0.473637541561821
3.6026026026026,3.51490308387282,1078.9939355022,2008.80230514966,0.0550362366510994,1040.36528869895,5.29008774599989e-05,2600,8.39207319234146,0.653511460976754,0.725829247160459,0.474337731731489
3.60760760760761,3.51946572394956,1080.49295458459,2009.65937011024,0.0549957652509213,1039.68917047855,5.28963528836294e-05,2600,8.43287594218047,0.654041658237858,0.726310535160601,0.475037346812065
3.61261261261261,3.52402757611447,1081.99197366697,2010.51405237735,0.0549552376638763,1039.01035628534,5.28919055824929e-05,2600,8.47386106989585,0.654570437035838,0.726791739464055,0.475736386535023
3.61761761761762,3.52858864115262,1083.49099274936,2011.36636007033,0.0549146538899645,1038.32885483015,5.28875352298163e-05,2600,8.5150292444856,0.655097800505935,0.727272859513242,0.476434850634786
3.62262262262262,3.53314891984859,1084.99001183175,2012.21630127829,0.0548740139291858,1037.64467479143,5.28832415009655e-05,2600,8.55638113681269,0.655623751776586,0.727753894754072,0.477132738848688
3.62762762762763,3.53770841298644,1086.48903091413,2013.06388406021,0.0548333177815403,1036.95782481529,5.2879024073431e-05,2600,8.59791741960812,0.656148293969392,0.728234844635924,0.477830050916927
3.63263263263263,3.54226712134975,1087.98804999652,2013.90911644501,0.054792565447028,1036.26831351567,5.28748826268143e-05,2600,8.63963876747388,0.656671430199064,0.728715708611635,0.478526786582526
3.63763763763764,3.54682504572158,1089.48706907891,2014.75200643173,0.0547517569256489,1035.57614947444,5.28708168428134e-05,2600,8.68154585688606,0.657193163573388,0.729196486137477,0.479222945591286
3.64264264264264,3.55138218688445,1090.98608816129,2015.59256198955,0.0547108922174029,1034.88134124147,5.28668264052093e-05,2600,8.72363936619782,0.65771349719318,0.729677176673153,0.479918527691745
3.64764764764765,3.55593854562041,1092.48510724368,2016.43079105796,0.0546699713222901,1034.1838973348,5.28629109998523e-05,2600,8.76591997564247,0.65823243415225,0.730157779681774,0.480613532635137
3.65265265265265,3.56049412271094,1093.98412632607,2017.26670154683,0.0546289942403105,1033.48382624073,5.28590703146484e-05,2600,8.80838836733647,0.658749977537356,0.73063829462985,0.481307960175345
3.65765765765766,3.56504891893701,1095.48314540846,2018.1003013365,0.054587960971464,1032.7811364139,5.28553040395456e-05,2600,8.85104522528252,0.659266130428167,0.731118720987269,0.482001810068867
3.66266266266266,3.56960293507906,1096.98216449084,2018.93159827794,0.0545468715157507,1032.07583627745,5.2851611866521e-05,2600,8.89389123537254,0.659780895897223,0.73159905822729,0.482695082074766
3.66766766766767,3.57415617191699,1098.48118357323,2019.76060019279,0.0545057258731706,1031.3679342231,5.28479934895671e-05,2600,8.93692708539074,0.6602942770099,0.73207930582652,0.483387775954632
3.67267267267267,3.57870863023016,1099.98020265562,2020.58731487351,0.0544645240437237,1030.65743861127,5.28444486046794e-05,2600,8.98015346501668,0.660806276824366,0.73255946326491,0.484079891472541
3.67767767767768,3.58326031079737,1101.479221738,2021.41175008347,0.0544232660274099,1029.94435777119,5.28409769098425e-05,2600,9.02357106582831,0.661316898391546,0.733039530025729,0.484771428395012
3.68268268268268,3.58781121439689,1102.97824082039,2022.23391355702,0.0543819518242293,1029.22870000101,5.2837578105018e-05,2600,9.06718058130498,0.661826144755087,0.73351950559556,0.485462386490967
3.68768768768769,3.59236134180643,1104.47725990278,2023.05381299964,0.0543405814341818,1028.5104735679,5.28342518921315e-05,2600,9.11098270683056,0.662334018951318,0.733999389464279,0.48615276553169
3.69269269269269,3.59691069380313,1105.97627898516,2023.87145608802,0.0542991548572676,1027.78968670819,5.28309979750598e-05,2600,9.15497813969643,0.662840524009217,0.734479181125044,0.486842565290784
3.6976976976977,3.60145927116357,1107.47529806755,2024.68685047018,0.0542576720934865,1027.06634762743,5.28278160596188e-05,2600,9.19916757910455,0.66334566295037,0.734958880074279,0.487531785544134
3.7027027027027,3.60600707466377,1108.97431714994,2025.50000376552,0.0542161331428385,1026.34046450056,5.28247058535507e-05,2600,9.24355172617056,0.663849438788945,0.735438485811664,0.488220426069865
3.70770770770771,3.61055410507918,1110.47333623233,2026.31092356501,0.0541745380053237,1025.61204547196,5.28216670665117e-05,2600,9.28813128392677,0.664351854531649,0.735917997840115,0.488908486648299
3.71271271271271,3.61510036318468,1111.97235531471,2027.11961743119,0.0541328866809422,1024.88109865559,5.28186994100603e-05,2600,9.33290695732528,0.664852913177695,0.736397415665777,0.489595967061918
3.71771771771772,3.61964584975455,1113.4713743971,2027.92609289836,0.0540911791696937,1024.14763213512,5.28158025976447e-05,2600,9.37787945324099,0.665352617718775,0.736876738798002,0.490282867095325
3.72272272272272,3.62419056556251,1114.97039347949,2028.73035747262,0.0540494154715785,1023.41165396398,5.28129763445911e-05,2600,9.4230494804747,0.665850971139018,0.737355966749345,0.490969186535201
3.72772772772773,3.62873451138168,1116.46941256187,2029.53241863203,0.0540075955865964,1022.67317216552,5.28102203680918e-05,2600,9.46841774975619,0.666347976414962,0.737835099035541,0.491654925170266
3.73273273273273,3.6332776879846,1117.96843164426,2030.33228382662,0.0539657195147475,1021.93219473309,5.28075343871934e-05,2600,9.51398497374722,0.666843636515522,0.738314135175498,0.492340082791241
3.73773773773774,3.6378200961432,1119.46745072665,2031.12996047861,0.0539237872560317,1021.18872963016,5.28049181227853e-05,2600,9.55975186704465,0.667337954401955,0.738793074691281,0.49302465919081
3.74274274274274,3.64236173662882,1120.96646980904,2031.92545598239,0.0538817988104491,1020.44278479043,5.2802371297588e-05,2600,9.60571914618354,0.667830933027832,0.739271917108099,0.493708654163575
3.74774774774775,3.64690261021222,1122.46548889142,2032.71877770473,0.0538397541779997,1019.69436811793,5.27998936361419e-05,2600,9.65188752964016,0.668322575339004,0.739750661954289,0.494392067506023
3.75275275275275,3.65144271766352,1123.96450797381,2033.50993298478,0.0537976533586835,1018.94348748713,5.27974848647955e-05,2600,9.69825773783506,0.668812884273574,0.740229308761308,0.495074899016485
3.75775775775776,3.65598205975225,1125.4635270562,2034.29892913425,0.0537554963525004,1018.19015074302,5.27951447116949e-05,2600,9.74483049313625,0.669301862761865,0.740707857063717,0.495757148495095
3.76276276276276,3.66052063724733,1126.96254613858,2035.08577343746,0.0537132831594505,1017.43436570129,5.27928729067719e-05,2600,9.79160651986214,0.669789513726391,0.741186306399164,0.496438815743756
3.76776776776777,3.66505845091706,1128.46156522097,2035.87047315147,0.0536710137795338,1016.67614014836,5.27906691817337e-05,2600,9.83858654428473,0.670275840081827,0.741664656308378,0.497119900566097
3.77277277277277,3.66959550152911,1129.96058430336,2036.65303550615,0.0536286882127502,1015.9154818415,5.27885332700512e-05,2600,9.8857712946326,0.670760844734979,0.742142906335153,0.49780040276744
3.77777777777778,3.67413178985054,1131.45960338574,2037.4334677043,0.0535863064590998,1015.15239850899,5.27864649069491e-05,2600,9.93316150109411,0.671244530584761,0.742621056026331,0.498480322154754
3.78278278278278,3.6786673166478,1132.95862246813,2038.21177692175,0.0535438685185826,1014.38689785015,5.27844638293943e-05,2600,9.98075789582036,0.671726900522159,0.743099104931796,0.499159658536626
3.78778778778779,3.68320208268667,1134.45764155052,2038.98797030745,0.0535013743911985,1013.6189875355,5.27825297760859e-05,2600,10.0285612129284,0.672207957430207,0.743577052604457,0.499838411723215
3.79279279279279,3.68773608873233,1135.95666063291,2039.76205498356,0.0534588240769476,1012.84867520685,5.27806624874441e-05,2600,10.0765721885041,0.672687704183961,0.744054898600235,0.500516581526221
3.7977977977978,3.69226933554932,1137.45567971529,2040.53403804556,0.0534162175758299,1012.07596847739,5.27788617056004e-05,2600,10.1247915606056,0.673166143650469,0.744532642478052,0.501194167758844
3.8028028028028,3.69680182390152,1138.95469879768,2041.30392656235,0.0533735548878453,1011.30087493182,5.27771271743869e-05,2600,10.1732200692662,0.673643278688747,0.745010283799819,0.501871170235744
3.80780780780781,3.7013335545522,1140.45371788007,2042.07172757634,0.053330836012994,1010.52340212642,5.2775458639326e-05,2600,10.2218584564971,0.67411911214975,0.74548782213042,0.50254758877301
3.81281281281281,3.70586452826395,1141.95273696245,2042.83744810356,0.0532880609512758,1009.7435575892,5.27738558476202e-05,2600,10.2707074662914,0.674593646876348,0.745965257037703,0.503223423188117
3.81781781781782,3.71039474579875,1143.45175604484,2043.60109513374,0.0532452297026907,1008.96134881996,5.27723185481427e-05,2600,10.3197678446261,0.675066885703298,0.746442588092468,0.503898673299893
3.82282282282282,3.71492420791788,1144.95077512723,2044.3626756304,0.0532023422672388,1008.17678329042,5.27708464914262e-05,2600,10.3690403394662,0.675538831457224,0.74691981486845,0.504573338928479
3.82782782782783,3.71945291538202,1146.44979420962,2045.12219653097,0.0531593986449201,1007.38986844432,5.27694394296544e-05,2600,10.4185257007671,0.676009486956585,0.74739693694231,0.505247419895294
3.83283283283283,3.72398086895115,1147.948813292,2045.8796647469,0.0531163988357346,1006.60061169751,5.27680971166511e-05,2600,10.4682246804779,0.676478855011654,0.747873953893623,0.505920916022997
3.83783783783784,3.72850806938461,1149.44783237439,2046.63508716369,0.0530733428396822,1005.80902043806,5.27668193078712e-05,2600,10.5181380325448,0.676946938424495,0.748350865304867,0.506593827135452
3.84284284284284,3.73303451744106,1150.94685145678,2047.38847064107,0.053030230656763,1005.01510202638,5.27656057603907e-05,2600,10.5682665129138,0.677413739988937,0.748827670761406,0.507266153057689
3.84784784784785,3.73756021387852,1152.44587053916,2048.13982201302,0.052987062286977,1004.2188637953,5.27644562328974e-05,2600,10.6186108795339,0.677879262490551,0.749304369851484,0.507937893615871
3.85285285285285,3.74208515945431,1153.94488962155,2048.88914808792,0.0529438377303241,1003.42031305016,5.27633704856815e-05,2600,10.6691718923605,0.678343508706625,0.749780962166207,0.508609048637254
3.85785785785786,3.7466093549251,1155.44390870394,2049.63645564862,0.0529005569868045,1002.61945706896,5.27623482806259e-05,2600,10.719950313358,0.678806481406145,0.750257447299537,0.509279617950155
3.86286286286286,3.75113280104688,1156.94292778632,2050.38175145254,0.0528572200564179,1001.81630310241,5.27613893811974e-05,2600,10.7709469065036,0.679268183349767,0.750733824848276,0.509949601383911
3.86786786786787,3.75565549857496,1158.44194686871,2051.12504223177,0.0528138269391646,1001.01085837407,5.2760493552437e-05,2600,10.8221624377896,0.6797286172898,0.751210094412057,0.510618998768847
3.87287287287287,3.76017744826397,1159.9409659511,2051.86633469313,0.0527703776350444,1000.20313008042,5.27596605609516e-05,2600,10.8735976752272,0.680187785970179,0.751686255593328,0.511287809936239
3.87787787787788,3.76469865086785,1161.43998503349,2052.60563551833,0.0527268721440574,999.39312539099,5.27588901749041e-05,2600,10.9252533888494,0.680645692126446,0.752162307997346,0.511956034718279
3.88288288288288,3.76921910713987,1162.93900411587,2053.342951364,0.0526833104662036,998.580851448428,5.27581821640052e-05,2600,10.9771303507138,0.681102338485727,0.752638251232162,0.512623672948034
3.88788788788789,3.77373881783259,1164.43802319826,2054.07828886183,0.0526396926014829,997.766315368633,5.27575362995039e-05,2600,11.0292293349062,0.681557727766714,0.75311408490861,0.51329072445942
3.89289289289289,3.7782577836979,1165.93704228065,2054.81165461862,0.0525960185498954,996.949524240833,5.27569523541793e-05,2600,11.0815511175436,0.682011862679638,0.753589808640295,0.51395718908716
3.8978978978979,3.78277600548699,1167.43606136303,2055.54305521641,0.0525522883114411,996.130485127691,5.2756430102332e-05,2600,11.134096476777,0.682464745926253,0.754065422043583,0.514623066666747
3.9029029029029,3.78729348395035,1168.93508044542,2056.27249721257,0.0525085018861199,995.309205065407,5.27559693197746e-05,2600,11.186866192795,0.682916380199814,0.75454092473759,0.515288357034415
3.90790790790791,3.79181021983777,1170.43409952781,2056.99998713985,0.0524646592739319,994.485691063815,5.27555697838244e-05,2600,11.2398610478265,0.683366768185056,0.755016316344167,0.5159530600271
3.91291291291291,3.79632621389834,1171.9331186102,2057.72553150653,0.0524207604748771,993.659950106481,5.27552312732939e-05,2600,11.2930818261443,0.683815912558178,0.755491596487895,0.516617175482405
3.91791791791792,3.80084146688046,1173.43213769258,2058.44913679649,0.0523768054889554,992.831989150802,5.27549535684832e-05,2600,11.3465293140676,0.684263815986815,0.755966764796068,0.517280703238565
3.92292292292292,3.80535597953181,1174.93115677497,2059.17080946926,0.0523327943161669,992.001815128104,5.27547364511715e-05,2600,11.4002042999658,0.684710481130027,0.756441820898685,0.517943643134412
3.92792792792793,3.80986975259936,1176.43017585736,2059.8905559602,0.0522887269565116,991.169434943743,5.27545797046087e-05,2600,11.4541075742611,0.685155910638276,0.756916764428438,0.518605995009343
3.93293293293293,3.81438278682937,1177.92919493974,2060.6083826805,0.0522446034099895,990.334855477198,5.27544831135072e-05,2600,11.5082399294322,0.685600107153405,0.757391595020702,0.519267758703281
3.93793793793794,3.8188950829674,1179.42821402213,2061.32429601733,0.0522004236766005,989.498083582173,5.27544464640345e-05,2600,11.5626021600168,0.686043073308625,0.757866312313523,0.519928934056643
3.94294294294294,3.82340664175829,1180.92723310452,2062.0383023339,0.0521561877563447,988.659126086687,5.27544695438046e-05,2600,11.617195062615,0.686484811728488,0.758340915947609,0.520589520910303
3.94794794794795,3.82791746394615,1182.4262521869,2062.75040796959,0.052111895649222,987.817989793184,5.27545521418703e-05,2600,11.6720194358928,0.686925325028879,0.758815405566315,0.521249519105562
3.95295295295295,3.83242755027438,1183.92527126929,2063.46061923997,0.0520675473552326,986.974681478614,5.27546940487153e-05,2600,11.7270760805846,0.687364615816987,0.759289780815639,0.521908928484107
3.95795795795796,3.83693690148567,1185.42429035168,2064.16894243697,0.0520231428743763,986.129207894541,5.27548950562468e-05,2600,11.7823657994969,0.687802686691297,0.759764041344206,0.522567748887982
3.96296296296296,3.84144551832196,1186.92330943407,2064.87538382891,0.0519786822066531,985.281575767232,5.27551549577872e-05,2600,11.8378893975112,0.688239540241563,0.760238186803257,0.523225980159553
3.96796796796797,3.84595340152449,1188.42232851645,2065.57994966063,0.0519341653520632,984.431791797759,5.27554735480673e-05,2600,11.893647681587,0.688675179048799,0.760712216846644,0.523883622141471
3.97297297297297,3.85046055183375,1189.92134759884,2066.28264615354,0.0518895923106064,983.579862662089,5.27558506232179e-05,2600,11.9496414607651,0.689109605685256,0.761186131130813,0.52454067467664
3.97797797797798,3.85496696998952,1191.42036668123,2066.98347950574,0.0518449630822827,982.72579501118,5.27562859807633e-05,2600,12.0058715461711,0.689542822714405,0.7616599293148,0.525197137608182
3.98298298298298,3.85947265673083,1192.91938576361,2067.68245589211,0.0518002776670923,981.869595471079,5.27567794196129e-05,2600,12.0623387510178,0.689974832690923,0.762133611060215,0.525853010779401
3.98798798798799,3.86397761279599,1194.418404846,2068.37958146436,0.051755536065035,981.011270643016,5.27573307400548e-05,2600,12.1190438906091,0.690405638160677,0.762607176031236,0.526508294033757
3.99299299299299,3.86848183892256,1195.91742392839,2069.07486235116,0.0517107382761109,980.150827103493,5.2757939743748e-05,2600,12.1759877823425,0.690835241660701,0.763080623894593,0.52716298721482
3.997997997998,3.87298533584738,1197.41644301077,2069.76830465822,0.0516658843003199,979.288271404389,5.27586062337154e-05,2600,12.233171245713,0.691263645719187,0.763553954319567,0.527817090166246
4.003003003003,3.87748810430653,1198.91546209316,2070.45991446836,0.0516209741376622,978.42361007304,5.27593300143366e-05,2600,12.2905951023154,0.691690852855463,0.764027166977973,0.528470602731737
4.00800800800801,3.88199014503537,1200.41448117555,2071.14969784162,0.0515760077881375,977.556849612344,5.27601108913413e-05,2600,12.3482601758481,0.692116865579981,0.76450026154415,0.529123524755013
4.01301301301301,3.8864914587685,1201.91350025794,2071.8376608153,0.0515309852517461,976.687996500848,5.27609486718017e-05,2600,12.4061672921162,0.692541686394299,0.764973237694953,0.52977585607977
4.01801801801802,3.89099204623977,1203.41251934032,2072.52380940412,0.0514859065284878,975.817057192843,5.27618431641261e-05,2600,12.4643172790343,0.692965317791065,0.765446095109747,0.530427596549655
4.02302302302302,3.8954919081823,1204.91153842271,2073.20814960025,0.0514407716183627,974.944038118456,5.27627941780517e-05,2600,12.52271096663,0.693387762254004,0.765918833470388,0.531078746008229
4.02802802802803,3.89999104532845,1206.4105575051,2073.89068737342,0.0513955805213708,974.068945683745,5.27638015246383e-05,2600,12.5813491870468,0.693809022257898,0.766391452461221,0.53172930429893
4.03303303303303,3.90448945840983,1207.90957658748,2074.57142867099,0.051350333237512,973.191786270785,5.27648650162612e-05,2600,12.6402327745476,0.694229100268574,0.766863951769067,0.532379271265042
4.03803803803804,3.9089871481573,1209.40859566987,2075.25037941806,0.0513050297667865,972.312566237765,5.27659844666047e-05,2600,12.6993625655177,0.694647998742889,0.767336331083215,0.533028646749666
4.04304304304304,3.91348411530097,1210.90761475226,2075.92754551752,0.051259670109194,971.43129191908,5.27671596906556e-05,2600,12.7587393984678,0.695065720128713,0.767808590095409,0.533677430595677
4.04804804804805,3.91798036057019,1212.40663383465,2076.60293285018,0.0512142542647348,970.547969625419,5.27683905046969e-05,2600,12.8183641140375,0.695482266864916,0.768280728499844,0.5343256226457
4.05305305305305,3.92247588469353,1213.90565291703,2077.27654727481,0.0511687822334087,969.662605643854,5.27696767263008e-05,2600,12.8782375549981,0.69589764138135,0.768752745993151,0.53497322274207
4.05805805805806,3.92697068839885,1215.40467199942,2077.94839462827,0.0511232540152158,968.77520623794,5.27710181743229e-05,2600,12.9383605662562,0.696311846098839,0.769224642274392,0.535620230726801
4.06306306306306,3.9314647724132,1216.90369108181,2078.61848072554,0.051077669610156,967.885777647795,5.27724146688957e-05,2600,12.9987339948565,0.696724883429163,0.769696417045046,0.536266646441554
4.06806806806807,3.9359581374629,1218.40271016419,2079.28681135985,0.0510320290182294,966.994326090194,5.27738660314224e-05,2600,13.0593586899852,0.697136755775038,0.770168070009006,0.536912469727601
4.07307307307307,3.94045078427348,1219.90172924658,2079.95339230275,0.050986332239436,966.100857758661,5.27753720845705e-05,2600,13.120235502973,0.697547465530109,0.770639600872563,0.537557700425792
4.07807807807808,3.94494271356974,1221.40074832897,2080.61822930419,0.0509405792737758,965.205378823556,5.27769326522661e-05,2600,13.1813652872987,0.697957015078936,0.771111009344402,0.538202338376524
4.08308308308308,3.94943392607568,1222.89976741135,2081.2813280926,0.0508947701212487,964.307895432163,5.27785475596877e-05,2600,13.2427488985916,0.698365406796971,0.77158229513559,0.538846383419707
4.08808808808809,3.95392442251454,1224.39878649374,2081.94269437497,0.0508489047818548,963.408413708782,5.27802166332599e-05,2600,13.3043871946357,0.698772643050553,0.772053457959568,0.539489835394726
4.09309309309309,3.9584142036088,1225.89780557613,2082.60233383697,0.0508029832555941,962.506939754817,5.27819397006481e-05,2600,13.3662810353718,0.699178726196891,0.772524497532143,0.540132694140417
4.0980980980981,3.96290327008016,1227.39682465852,2083.26025214296,0.0507570055424665,961.603479648862,5.2783716590752e-05,2600,13.4284312829017,0.699583658584051,0.772995413571477,0.540774959495025
4.1031031031031,3.96739162264955,1228.8958437409,2083.91645493615,0.0507109716424721,960.698039446791,5.27855471337004e-05,2600,13.4908388014906,0.699987442550939,0.773466205798079,0.541416631296176
4.10810810810811,3.97187926203713,1230.39486282329,2084.57094783862,0.0506648815556109,959.790625181846,5.27874311608449e-05,2600,13.5535044575707,0.700390080427291,0.773936873934797,0.542057709380839
4.11311311311311,3.97636618896227,1231.89388190568,2085.22373645146,0.0506187352818829,958.881242864722,5.27893685047546e-05,2600,13.6164291197443,0.700791574533659,0.774407417706808,0.542698193585299
4.11811811811812,3.98085240414358,1233.39290098806,2085.8748263548,0.050572532821288,957.969898483659,5.27913589992104e-05,2600,13.6796136587871,0.701191927181397,0.774877836841611,0.543338083745121
4.12312312312312,3.98533790829888,1234.89192007045,2086.5242231079,0.0505262741738263,957.056598004524,5.27934024791995e-05,2600,13.7430589476512,0.701591140672644,0.775348131069016,0.543977379695113
4.12812812812813,3.98982270214522,1236.39093915284,2087.17193224925,0.0504799593394977,956.141347370897,5.27954987809099e-05,2600,13.8067658614682,0.701989217300316,0.775818300121137,0.544616081269299
4.13313313313313,3.99430678639887,1237.88995823523,2087.81795929667,0.0504335883183023,955.224152504166,5.27976477417246e-05,2600,13.8707352775529,0.702386159348093,0.776288343732385,0.545254188300881
4.13813813813814,3.9987901617753,1239.38897731761,2088.46230974731,0.0503871611102401,954.305019303602,5.27998492002168e-05,2600,13.9349680754059,0.702781969090398,0.776758261639455,0.545891700622211
4.14314314314314,4.00327282898921,1240.8879964,2089.10498907783,0.0503406777153111,953.38395364645,5.28021029961443e-05,2600,13.9994651367172,0.703176648792396,0.777228053581322,0.54652861806475
4.14814814814815,4.00775478875453,1242.38701548239,2089.74600274441,0.0502941381335152,952.460961388017,5.28044089704441e-05,2600,14.0642273453694,0.703570200709967,0.777697719299232,0.547164940459044
4.15315315315315,4.01223604178437,1243.88603456477,2090.38535618286,0.0502475423648525,951.536048361751,5.28067669652276e-05,2600,14.1292555874404,0.703962627089705,0.778167258536692,0.547800667634683
4.15815815815816,4.01671658879109,1245.38505364716,2091.02305480867,0.050200890409323,950.609220379332,5.2809176823775e-05,2600,14.1945507512074,0.704353930168898,0.778636671039461,0.548435799420272
4.16316316316316,4.02119643048624,1246.88407272955,2091.65910401714,0.0501541822669266,949.680483230749,5.28116383905305e-05,2600,14.2601137271494,0.704744112175517,0.779105956555546,0.549070335643395
4.16816816816817,4.02567556758059,1248.38309181193,2092.29350918342,0.0501074179376634,948.749842684396,5.28141515110973e-05,2600,14.3259454079508,0.705133175328205,0.77957511483519,0.549704276130588
4.17317317317317,4.0301540007841,1249.88211089432,2092.92627566257,0.0500605974215334,947.817304487141,5.28167160322325e-05,2600,14.3920466885045,0.705521121836258,0.780044145630866,0.550337620707294
4.17817817817818,4.03463173080598,1251.38112997671,2093.5574087897,0.0500137207185366,946.882874364425,5.28193318018421e-05,2600,14.4584184659151,0.705907953899621,0.780513048697268,0.550970369197844
4.18318318318318,4.0391087583546,1252.8801490591,2094.18691388001,0.0499667878286729,945.946558020335,5.28219986689764e-05,2600,14.525061639502,0.706293673708868,0.780981823791304,0.551602521425412
4.18818818818819,4.04358508413757,1254.37916814148,2094.81479622884,0.0499197987519424,945.00836113769,5.28247164838248e-05,2600,14.591977110803,0.706678283445192,0.781450470672087,0.552234077211987
4.19319319319319,4.0480607088617,1255.87818722387,2095.44106111181,0.049872753488345,944.068289378125,5.28274850977117e-05,2600,14.659165783577,0.707061785280391,0.781918989100927,0.55286503637834
4.1981981981982,4.052535633233,1257.37720630626,2096.06571378485,0.0498256520378808,943.126348382171,5.28303043630911e-05,2600,14.7266285638074,0.707444181376857,0.782387378841325,0.553495398743986
4.2032032032032,4.05700985795668,1258.87622538864,2096.6887594843,0.0497784944005498,942.182543769346,5.28331741335425e-05,2600,14.7943663597058,0.707825473887562,0.782855639658968,0.55412516412716
4.20820820820821,4.06148338373715,1260.37524447103,2097.31020342698,0.049731280576352,941.23688113822,5.28360942637659e-05,2600,14.8623800817143,0.708205664956046,0.78332377132171,0.554754332344769
4.21321321321321,4.06595621127805,1261.87426355342,2097.93005081024,0.0496840105652873,940.289366066517,5.28390646095775e-05,2600,14.9306706425094,0.708584756716403,0.783791773599579,0.555382903212376
4.21821821821822,4.07042834128218,1263.37328263581,2098.5483068121,0.0496366843673558,939.340004111177,5.28420850279054e-05,2600,14.9992389570052,0.708962751293267,0.784259646264761,0.556010876544149
4.22322322322322,4.07489977445157,1264.87230171819,2099.16497659126,0.0495893019825575,938.388800808455,5.28451553767847e-05,2600,15.0680859423561,0.709339650801807,0.784727389091591,0.556638252152843
4.22822822822823,4.07937051148745,1266.37132080058,2099.78006528719,0.0495418634108924,937.435761673988,5.28482755153537e-05,2600,15.1372125179607,0.709715457347703,0.785195001856554,0.557265029849755
4.23323323323323,4.08384055309021,1267.87033988297,2100.39357802027,0.0494943686523604,936.480892202884,5.28514453038489e-05,2600,15.2066196054645,0.710090173027139,0.785662484338269,0.557891209444693
4.23823823823824,4.0883098999595,1269.36935896535,2101.00551989174,0.0494468177069615,935.524197869798,5.28546646036015e-05,2600,15.2763081287634,0.710463799926794,0.786129836317486,0.558516790745949
4.24324324324324,4.09277855279411,1270.86837804774,2101.61589598392,0.0493992105746959,934.565684129014,5.28579332770328e-05,2600,15.3462790140069,0.71083634012382,0.786597057577079,0.559141773560256
4.24824824824825,4.09724651229205,1272.36739713013,2102.22471136015,0.0493515472555634,933.605356414525,5.28612511876497e-05,2600,15.4165331896012,0.711207795685838,0.787064147902037,0.55976615769276
4.25325325325325,4.10171377915054,1273.86641621251,2102.83197106496,0.0493038277495641,932.64322014011,5.28646182000414e-05,2600,15.4870715862125,0.711578168670918,0.78753110707946,0.560389942946982
4.25825825825826,4.10618035406597,1275.3654352949,2103.4376801241,0.049256052056698,931.679280699416,5.28680341798749e-05,2600,15.5578951367702,0.711947461127573,0.787997934898546,0.56101312912479
4.26326326326326,4.11064623773392,1276.86445437729,2104.04184354463,0.049208220176965,930.713543466036,5.28714989938907e-05,2600,15.6290047764704,0.712315675094741,0.78846463115059,0.561635716026358
4.26826826826827,4.11511143084919,1278.36347345968,2104.64446631498,0.0491603321103652,929.746013793588,5.28750125098995e-05,2600,15.7004014427786,0.712682812601773,0.788931195628975,0.562257703450138
4.27327327327327,4.11957593410576,1279.86249254206,2105.24555340502,0.0491123878568985,928.776697015792,5.28785745967779e-05,2600,15.7720860754335,0.713048875668421,0.789397628129167,0.562879091192821
4.27827827827828,4.12403974819679,1281.36151162445,2105.84510976615,0.0490643874165651,927.805598446549,5.28821851244646e-05,2600,15.8440596164499,0.713413866304827,0.789863928448701,0.563499879049307
4.28328328328328,4.12850287381464,1282.86053070684,2106.44314033138,0.0490163307893648,926.832723380019,5.28858439639568e-05,2600,15.9163230101218,0.713777786511503,0.790330096387184,0.564120066812667
4.28828828828829,4.13296531165087,1284.35954978922,2107.03965001537,0.0489682179752976,925.858077090697,5.28895509873061e-05,2600,15.9888772030262,0.714140638279326,0.790796131746282,0.564739654274112
4.29329329329329,4.13742706239622,1285.85856887161,2107.63464371453,0.0489200489743637,924.881664833496,5.28933060676153e-05,2600,16.0617231440258,0.714502423589522,0.791262034329716,0.565358641222957
4.2982982982983,4.14188812674061,1287.357587954,2108.22812630706,0.0488718237865629,923.903491843811,5.28971090790344e-05,2600,16.1348617842725,0.714863144413647,0.791727803943253,0.565977027446586
4.3033033033033,4.14634850537316,1288.85660703639,2108.82010265306,0.0488235424118953,922.923563337615,5.2900959896757e-05,2600,16.2082940772104,0.715222802713586,0.792193440394704,0.566594812730419
4.30830830830831,4.15080819898218,1290.35562611877,2109.41057759459,0.0487752048503608,921.941884511516,5.29048583970171e-05,2600,16.2820209785795,0.715581400441528,0.792658943493911,0.567211996857875
4.31331331331331,4.15526720825516,1291.85464520116,2109.99955595573,0.0487268111019595,920.958460542845,5.29088044570851e-05,2600,16.3560434464185,0.715938939539956,0.793124313052748,0.56782857961034
4.31831831831832,4.15972553387879,1293.35366428355,2110.58704254265,0.0486783611666914,919.973296589729,5.2912797955265e-05,2600,16.4303624410683,0.716295421941638,0.793589548885107,0.568444560767132
4.32332332332332,4.16418317653892,1294.85268336593,2111.17304214368,0.0486298550445565,918.986397791165,5.29168387708905e-05,2600,16.504978925175,0.716650849569608,0.794054650806899,0.569059940105462
4.32832832832833,4.1686401369206,1296.35170244832,2111.7575595294,0.0485812927355547,917.997769267097,5.29209267843218e-05,2600,16.5798938636936,0.717005224337154,0.794519618636042,0.569674717400406
4.33333333333333,4.17309641570809,1297.85072153071,2112.3405994527,0.0485326742396861,917.007416118491,5.29250618769423e-05,2600,16.6551082238906,0.717358548147809,0.794984452192458,0.570288892424863
4.33833833833834,4.17755201358479,1299.34974061309,2112.92216664883,0.0484839995569507,916.015343427408,5.29292439311557e-05,2600,16.7306229753479,0.717710822895327,0.795449151298068,0.570902464949525
4.34334334334334,4.18200693123331,1300.84875969548,2113.5022658355,0.0484352686873484,915.021556257082,5.29334728303823e-05,2600,16.8064390899657,0.718062050463676,0.795913715776781,0.571515434742839
4.34834834834835,4.18646116933545,1302.34777877787,2114.08090171293,0.0483864816308793,914.02605965199,5.29377484590562e-05,2600,16.8825575419658,0.718412232727029,0.796378145454492,0.572127801570973
4.35335335335335,4.19091472857217,1303.84679786026,2114.65807896393,0.0483376383875434,913.028858637928,5.29420707026219e-05,2600,16.9589793078949,0.718761371549737,0.796842440159077,0.572739565197778
4.35835835835836,4.19536760962364,1305.34581694264,2115.23380225395,0.0482887389573406,912.029958222087,5.29464394475317e-05,2600,17.0357053666277,0.719109468786325,0.797306599720384,0.573350725384756
4.36336336336336,4.19981981316918,1306.84483602503,2115.80807623116,0.048239783340271,911.029363393119,5.29508545812425e-05,2600,17.1127366993705,0.719456526281473,0.797770623970227,0.573961281891023
4.36836836836837,4.20427133988732,1308.34385510742,2116.38090552655,0.0481907715363346,910.027079121221,5.29553159922127e-05,2600,17.1900742896641,0.719802545870006,0.798234512742383,0.574571234473272
4.37337337337337,4.20872219045577,1309.8428741898,2116.95229475393,0.0481417035455314,909.023110358198,5.29598235698994e-05,2600,17.2677191233873,0.720147529376875,0.798698265872587,0.575180582885738
4.37837837837838,4.21317236555139,1311.34189327219,2117.52224851005,0.0480925793678613,908.017462037543,5.29643772047556e-05,2600,17.3456721887601,0.720491478617143,0.79916188319852,0.575789326880163
4.38338338338338,4.21762186585027,1312.84091235458,2118.09077137467,0.0480433990033244,907.010139074501,5.29689767882277e-05,2600,17.4239344763468,0.720834395395974,0.799625364559812,0.576397466205757
4.38838838838839,4.22207069202764,1314.33993143697,2118.65786791057,0.0479941624519206,906.00114636615,5.2973622212752e-05,2600,17.5025069790596,0.721176281508612,0.80008870979803,0.577005000609166
4.39339339339339,4.22651884475794,1315.83895051935,2119.22354266371,0.0479448697136501,904.990488791467,5.29783133717527e-05,2600,17.5813906921616,0.721517138740374,0.800551918756675,0.577611929834433
4.3983983983984,4.23096632471476,1317.33796960174,2119.78780016319,0.0478955207885126,903.978171211403,5.29830501596392e-05,2600,17.66058661327,0.721856968866627,0.801014991281177,0.578218253622959
4.4034034034034,4.23541313257088,1318.83698868413,2120.35064492141,0.0478461156765084,902.964198468951,5.29878324718027e-05,2600,17.7400957423596,0.722195773652779,0.801477927218889,0.578823971713471
4.40840840840841,4.23985926899829,1320.33600776651,2120.91208143407,0.0477966543776374,901.948575389218,5.2992660204615e-05,2600,17.8199190817661,0.722533554854257,0.801940726419082,0.579429083841984
4.41341341341341,4.24430473466811,1321.8350268489,2121.47211418028,0.0477471368918995,900.931306779498,5.29975332554245e-05,2600,17.9000576361891,0.722870314216501,0.802403388732937,0.580033589741763
4.41841841841842,4.24874953025067,1323.33404593129,2122.03074762261,0.0476975632192947,899.912397429339,5.3002451522555e-05,2600,17.9805124126955,0.723206053474938,0.802865914013547,0.580637489143286
4.42342342342342,4.25319365641548,1324.83306501367,2122.58798620713,0.0476479333598232,898.891852110616,5.30074149053024e-05,2600,18.0612844207229,0.723540774354975,0.803328302115902,0.581240781774208
4.42842842842843,4.25763711383121,1326.33208409606,2123.14383436353,0.0475982473134848,897.869675577599,5.30124233039331e-05,2600,18.1423746720828,0.723874478571976,0.803790552896895,0.581843467359321
4.43343343343343,4.26207990316571,1327.83110317845,2123.69829650512,0.0475485050802796,896.845872567025,5.30174766196809e-05,2600,18.2237841809636,0.724207167831251,0.804252666215307,0.58244554562052
4.43843843843844,4.26652202508604,1329.33012226084,2124.25137702896,0.0474987066602075,895.820447798163,5.30225747547453e-05,2600,18.3055139639344,0.724538843828037,0.804714641931807,0.583047016276764
4.44344344344344,4.2709634802584,1330.82914134322,2124.80308031587,0.0474488520532686,894.793405972888,5.30277176122891e-05,2600,18.3875650399479,0.724869508247483,0.805176479908947,0.583647879044037
4.44844844844845,4.27540426934817,1332.32816042561,2125.35341073054,0.0473989412594629,893.764751775748,5.3032905096436e-05,2600,18.4699384303438,0.725199162764632,0.805638180011157,0.584248133635313
4.45345345345345,4.27984439301994,1333.827179508,2125.90237262155,0.0473489742787904,892.734489874033,5.30381371122689e-05,2600,18.5526351588519,0.725527809044406,0.806099742104739,0.584847779760513
4.45845845845846,4.28428385193745,1335.32619859038,2126.44997032147,0.047298951111251,891.70262491784,5.30434135658276e-05,2600,18.6356562515957,0.72585544874159,0.806561166057865,0.585446817126471
4.46346346346346,4.28872264676362,1336.82521767277,2126.99620814689,0.0472488717568448,890.669161540148,5.30487343641066e-05,2600,18.7190027370955,0.72618208350081,0.807022451740567,0.586045245436896
4.46846846846847,4.29316077816055,1338.32423675516,2127.54109039852,0.0471987362155718,889.634104356877,5.30540994150534e-05,2600,18.8026756462718,0.72650771495652,0.807483599024739,0.58664306439233
4.47347347347347,4.29759824678953,1339.82325583754,2128.08462136124,0.0471485444874319,888.597457966965,5.30595086275666e-05,2600,18.8866760124483,0.726832344732985,0.807944607784129,0.587240273690111
4.47847847847848,4.302035053311,1341.32227491993,2128.62680530413,0.0470982965724252,887.559226952426,5.30649619114936e-05,2600,18.9710048713555,0.72715597444426,0.808405477894335,0.587836873024332
4.48348348348348,4.3064711983846,1342.82129400232,2129.16764648059,0.0470479924705517,886.519415878427,5.30704591776291e-05,2600,19.0556632611339,0.727478605694176,0.808866209232799,0.58843286208581
4.48848848848849,4.31090668266913,1344.32031308471,2129.70714912834,0.0469976321818113,885.478029293346,5.30760003377133e-05,2600,19.1406522223371,0.727800240076318,0.809326801678806,0.589028240562034
4.49349349349349,4.31534150682258,1345.81933216709,2130.24531746956,0.0469472157062042,884.435071728843,5.30815853044299e-05,2600,19.2259727979356,0.728120879174011,0.809787255113478,0.589623008137135
4.4984984984985,4.31977567150212,1347.31835124948,2130.78215571087,0.0468967430437301,883.390547699924,5.30872139914048e-05,2600,19.3116260333192,0.728440524560298,0.810247569419769,0.590217164491843
4.5035035035035,4.32420917736408,1348.81737033187,2131.31766804343,0.0468462141943893,882.344461705013,5.30928863132038e-05,2600,19.3976129763014,0.728759177797925,0.810707744482462,0.590810709303449
4.50850850850851,4.32864202506397,1350.31638941425,2131.85185864302,0.0467956291581816,881.296818226008,5.3098602185332e-05,2600,19.4839346771218,0.729076840439317,0.811167780188164,0.591403642245761
4.51351351351351,4.3330742152565,1351.81540849664,2132.38473167007,0.0467449879351071,880.247621728353,5.31043615242311e-05,2600,19.5705921884497,0.729393514026563,0.811627676425305,0.591995962989067
4.51851851851852,4.33750574859552,1353.31442757903,2132.91629126972,0.0466942905251658,879.196876661104,5.31101642472788e-05,2600,19.6575865653877,0.729709200091397,0.812087433084128,0.592587671200095
4.52352352352352,4.34193662573408,1354.81344666142,2133.44654157192,0.0466435369283576,878.144587456991,5.31160102727867e-05,2600,19.7449188654744,0.730023900155178,0.81254705005669,0.59317876654197
4.52852852852853,4.3463668473244,1356.3124657438,2133.97548669143,0.0465927271446826,877.090758532484,5.31218995199993e-05,2600,19.8325901486883,0.730337615728867,0.81300652723686,0.593769248674174
4.53353353353353,4.35079641401788,1357.81148482619,2134.50313072794,0.0465418611741408,876.035394287858,5.31278319090924e-05,2600,19.9206014774506,0.73065034831301,0.813465864520307,0.594359117252506
4.53853853853854,4.3552253264651,1359.31050390858,2135.02947776608,0.0464909390167321,874.978499107254,5.31338073611718e-05,2600,20.0089539166288,0.730962099397721,0.813925061804504,0.59494837192904
4.54354354354354,4.35965358531581,1360.80952299096,2135.55453187553,0.0464399606724566,873.92007735875,5.31398257982723e-05,2600,20.0976485335399,0.731272870462653,0.814384118988722,0.595537012352081
4.54854854854855,4.36408119121893,1362.30854207335,2136.07829711102,0.0463889261413143,872.860133394417,5.31458871433559e-05,2600,20.1866863979539,0.731582662976985,0.814843035974025,0.596125038166129
4.55355355355355,4.36850814482257,1363.80756115574,2136.60077751245,0.0463378354233051,871.798671550387,5.31519913203113e-05,2600,20.2760685820966,0.731891478399401,0.815301812663268,0.596712449011831
4.55855855855856,4.37293444677401,1365.30658023812,2137.1219771049,0.0462866885184291,870.735696146917,5.31581382539522e-05,2600,20.3657961606536,0.732199318178061,0.815760448961095,0.597299244525943
4.56356356356356,4.37736009771971,1366.80559932051,2137.64189989872,0.0462354854266863,869.671211488448,5.31643278700165e-05,2600,20.455870210773,0.73250618375059,0.816218944773929,0.597885424341284
4.56856856856857,4.38178509830531,1368.3046184029,2138.16054988957,0.0461842261480767,868.605221863672,5.31705600951652e-05,2600,20.546291812069,0.732812076544048,0.816677300009979,0.598470988086699
4.57357357357357,4.38620944917561,1369.80363748529,2138.67793105851,0.0461329106826002,867.537731545593,5.31768348569813e-05,2600,20.6370620466252,0.733116997974913,0.817135514579226,0.599055935387009
4.57857857857858,4.39063315097462,1371.30265656767,2139.19404737199,0.0460815390302569,866.468744791585,5.31831520839693e-05,2600,20.728181998998,0.733420949449057,0.81759358839343,0.59964026586297
4.58358358358358,4.3950562043455,1372.80167565006,2139.708902782,0.0460301111910467,865.398265843465,5.31895117055536e-05,2600,20.8196527562195,0.733723932361723,0.818051521366117,0.600223979131237
4.58858858858859,4.39947860993059,1374.30069473245,2140.22250122604,0.0459786271649698,864.326298927542,5.31959136520781e-05,2600,20.9114754078013,0.734025948097505,0.818509313412582,0.600807074804308
4.59359359359359,4.40390036837142,1375.79971381483,2140.73484662724,0.045927086952026,863.252848254688,5.32023578548054e-05,2600,21.0036510457376,0.73432699803032,0.818966964449887,0.60138955249049
4.5985985985986,4.40832148030869,1377.29873289722,2141.24594289439,0.0458754905522153,862.177918020394,5.32088442459161e-05,2600,21.0961807645085,0.734627083523391,0.819424474396854,0.601971411793848
4.6036036036036,4.41274194638228,1378.79775197961,2141.75579392201,0.0458238379655379,861.101512404834,5.32153727585076e-05,2600,21.1890656610833,0.734926205929217,0.819881843174062,0.602552652314167
4.60860860860861,4.41716176723125,1380.296771062,2142.26440359037,0.0457721291919936,860.023635572926,5.3221943326594e-05,2600,21.282306834924,0.735224366589555,0.820339070703849,0.603133273646901
4.61361361361361,4.42158094349384,1381.79579014438,2142.77177576561,0.0457203642315825,858.944291674389,5.32285558851053e-05,2600,21.3759053879883,0.735521566835392,0.820796156910304,0.603713275383135
4.61861861861862,4.42599947580746,1383.29480922677,2143.27791429974,0.0456685430843045,857.863484843808,5.3235210369887e-05,2600,21.4698624247334,0.73581780798692,0.821253101719269,0.604292657109532
4.62362362362362,4.4304173648087,1384.79382830916,2143.78282303072,0.0456166657501597,856.78121920069,5.32419067176992e-05,2600,21.5641790521186,0.736113091353516,0.82170990505833,0.604871418408292
4.62862862862863,4.43483461113334,1386.29284739154,2144.28650578252,0.0455647322291481,855.697498849528,5.32486448662164e-05,2600,21.6588563796093,0.73640741823371,0.822166566856822,0.605449558857106
4.63363363363363,4.43925121541634,1387.79186647393,2144.78896636515,0.0455127425212697,854.612327879857,5.32554247540271e-05,2600,21.7538955191802,0.736700789915166,0.822623087045821,0.606027078029109
4.63863863863864,4.44366717829182,1389.29088555632,2145.29020857476,0.0454606966265244,853.525710366317,5.32622463206334e-05,2600,21.8492975853183,0.736993207674652,0.823079465558143,0.606603975492834
4.64364364364364,4.44808250039309,1390.7899046387,2145.79023619366,0.0454085945449123,852.437650368709,5.32691095064506e-05,2600,21.9450636950263,0.737284672778018,0.823535702328344,0.607180250812168
4.64864864864865,4.45249718235266,1392.28892372109,2146.28905299038,0.0453564362764333,851.348151932055,5.32760142528073e-05,2600,22.0411949678264,0.737575186480162,0.823991797292713,0.607755903546296
4.65365365365365,4.45691122480219,1393.78794280348,2146.78666271973,0.0453042218210876,850.257219086657,5.32829605019446e-05,2600,22.1376925257631,0.737864750025013,0.824447750389274,0.608330933249665
4.65865865865866,4.46132462837254,1395.28696188587,2147.28306912285,0.045251951178875,849.164855848157,5.32899481970161e-05,2600,22.2345574934066,0.738153364645497,0.824903561557783,0.608905339471931
4.66366366366366,4.46573739369375,1396.78598096825,2147.77827592728,0.0451996243497955,848.071066217594,5.32969772820883e-05,2600,22.3317909978564,0.738441031563513,0.825359230739723,0.609479121757909
4.66866866866867,4.47014952139502,1398.28500005064,2148.272286847,0.0451472413338493,846.975854181457,5.33040477021401e-05,2600,22.4293941687444,0.738727751989903,0.825814757878307,0.610052279647528
4.67367367367367,4.47456101210476,1399.78401913303,2148.76510558247,0.0450948021310362,845.879223711756,5.33111594030625e-05,2600,22.5273681382383,0.739013527124426,0.826270142918472,0.610624812675784
4.67867867867868,4.47897186645055,1401.28303821541,2149.25673582071,0.0450423067413563,844.781178766062,5.33183123316593e-05,2600,22.6257140410449,0.739298358155727,0.826725385806876,0.611196720372683
4.68368368368368,4.48338208505914,1402.7820572978,2149.74718123536,0.0449897551648095,843.681723287581,5.33255064356468e-05,2600,22.7244330144136,0.73958224626131,0.827180486491903,0.611768002263205
4.68868868868869,4.48779166855649,1404.28107638019,2150.2364454867,0.0449371474013959,842.5808612052,5.33327416636538e-05,2600,22.8235261981396,0.73986519260751,0.827635444923653,0.61233865786724
4.69369369369369,4.49220061756773,1405.78009546257,2150.72453222171,0.0448844834511155,841.478596433549,5.33400179652222e-05,2600,22.922994734567,0.740147198349459,0.828090261053945,0.61290868669955
4.6986986986987,4.49660893271715,1407.27911454496,2151.21144507415,0.0448317633139683,840.374932873056,5.33473352908069e-05,2600,23.0228397685926,0.740428264631062,0.828544934836317,0.613478088269711
4.7037037037037,4.50101661462826,1408.77813362735,2151.6971876646,0.0447789869899542,839.269874410004,5.33546935917761e-05,2600,23.123062447669,0.740708392584961,0.828999466226019,0.614046862082065
4.70870870870871,4.50542366392373,1410.27715270974,2152.18176360048,0.0447261544790733,838.163424916586,5.3362092820412e-05,2600,23.2236639218079,0.740987583332508,0.829453855180016,0.614615007635671
4.71371371371371,4.50983008122543,1411.77617179212,2152.66517647616,0.0446732657813255,837.055588250961,5.33695329299108e-05,2600,23.3246453435836,0.74126583798373,0.829908101656982,0.61518252442425
4.71871871871872,4.51423586715441,1413.27519087451,2153.14742987297,0.044620320896711,835.946368257315,5.33770138743832e-05,2600,23.4260078681362,0.741543157637305,0.830362205617307,0.615749411936135
4.72372372372372,4.51864102233089,1414.7742099569,2153.62852735925,0.0445673198252296,834.83576876591,5.3384535608855e-05,2600,23.527752653175,0.741819543380521,0.830816167023087,0.616315669654221
4.72872872872873,4.52304554737429,1416.27322903928,2154.10847249044,0.0445142625668813,833.723793593139,5.33920980892678e-05,2600,23.6298808589817,0.742094996289248,0.831269985838127,0.616881297055908
4.73373373373373,4.52744944290322,1417.77224812167,2154.58726880909,0.0444611491216663,832.610446541587,5.33997012724792e-05,2600,23.7323936484141,0.742369517427908,0.831723662027939,0.617446293613054
4.73873873873874,4.53185270953547,1419.27126720406,2155.06491984495,0.0444079794895844,831.495731400084,5.34073451162637e-05,2600,23.8352921869092,0.742643107849436,0.832177195559742,0.618010658791914
4.74374374374374,4.53625534788802,1420.77028628645,2155.54142911495,0.0443547536706357,830.379651943753,5.34150295793136e-05,2600,23.9385776424863,0.742915768595248,0.83263058640246,0.618574392053096
4.74874874874875,4.54065735857702,1422.26930536883,2156.01680012337,0.0443014716648201,829.262211934074,5.34227546212392e-05,2600,24.0422511857511,0.743187500695212,0.833083834526719,0.619137492851496
4.75375375375375,4.54505874221783,1423.76832445122,2156.49103636175,0.0442481334721377,828.143415118935,5.34305202025702e-05,2600,24.1463139898981,0.743458305167607,0.833536939904853,0.619699960636256
4.75875875875876,4.54945949942498,1425.26734353361,2156.96414130906,0.0441947390925885,827.02326523268,5.34383262847563e-05,2600,24.2507672307148,0.743728183019092,0.833989902510895,0.620261794850697
4.76376376376376,4.55385963081222,1426.76636261599,2157.43611843169,0.0441412885261725,825.901765996172,5.34461728301681e-05,2600,24.3556120865844,0.743997135244666,0.834442722320582,0.620822994932274
4.76876876876877,4.55825913699244,1428.26538169838,2157.90697118349,0.0440877817728896,824.778921116841,5.34540598020981e-05,2600,24.4608497384897,0.74426516282764,0.834895399311352,0.621383560312511
4.77377377377377,4.56265801857776,1429.76440078077,2158.37670300586,0.0440342188327399,823.654734288739,5.34619871647618e-05,2600,24.5664813700161,0.744532266739592,0.835347933462344,0.621943490416953
4.77877877877878,4.56705627617947,1431.26341986315,2158.84531732778,0.0439805997057234,822.529209192593,5.34699548832987e-05,2600,24.6725081673549,0.744798447940339,0.835800324754397,0.622502784665106
4.78378378378378,4.57145391040806,1432.76243894554,2159.31281756585,0.04392692439184,821.402349495859,5.34779629237735e-05,2600,24.778931319307,0.74506370737789,0.836252573170052,0.623061442470379
4.78878878878879,4.57585092187321,1434.26145802793,2159.77920712437,0.0438731928910898,820.274158852769,5.34860112531774e-05,2600,24.8857520172859,0.745328045988415,0.836704678693548,0.623619463240027
4.79379379379379,4.58024731118378,1435.76047711032,2160.24448939533,0.0438194052034728,819.144640904393,5.34940998394289e-05,2600,24.9929714553214,0.745591464696207,0.837156641310825,0.624176846375095
4.7987987987988,4.58464307894782,1437.2594961927,2160.70866775852,0.0437655613289889,818.013799278685,5.35022286513759e-05,2600,25.1005908300627,0.745853964413639,0.837608461009522,0.624733591270359
4.8038038038038,4.5890382257726,1438.75851527509,2161.17174558157,0.0437116612676382,816.881637590537,5.35103976587961e-05,2600,25.2086113407819,0.74611554604113,0.838060137778978,0.625289697314266
4.80880880880881,4.59343275226456,1440.25753435748,2161.63372621996,0.0436577050194207,815.748159441827,5.35186068323995e-05,2600,25.3170341893771,0.746376210467097,0.838511671610231,0.625845163888876
4.81381381381381,4.59782665902933,1441.75655343986,2162.0946130171,0.0436036925843363,814.61336842148,5.35268561438288e-05,2600,25.4258605803762,0.746635958567929,0.838963062496021,0.626399990369801
4.81881881881882,4.60221994667174,1443.25557252225,2162.55440930435,0.0435496239623852,813.477268105506,5.35351455656618e-05,2600,25.5350917209401,0.746894791207927,0.839414310430784,0.626954176126146
4.82382382382382,4.60661261579583,1444.75459160464,2163.01311840113,0.0434954991535671,812.339862057066,5.35434750714125e-05,2600,25.6447288208656,0.747152709239281,0.839865415410661,0.627507720520449
4.82882882882883,4.6110046670048,1446.25361068703,2163.47074361489,0.0434413181578823,811.20115382651,5.35518446355329e-05,2600,25.7547730925897,0.747409713502016,0.840316377433489,0.628060622908616
4.83383383383383,4.61539610090108,1447.75262976941,2163.9272882412,0.0433870809753306,810.061146951437,5.35602542334149e-05,2600,25.8652257511921,0.747665804823958,0.840767196498809,0.628612882639865
4.83883883883884,4.61978691808627,1449.2516488518,2164.3827555638,0.0433327876059121,808.919844956742,5.35687038413916e-05,2600,25.9760880143989,0.747920984020684,0.841217872607863,0.629164499056659
4.84384384384384,4.62417711916118,1450.75066793419,2164.83714885462,0.0432784380496268,807.777251354664,5.35771934367397e-05,2600,26.0873611025862,0.748175251895481,0.841668405763596,0.629715471494647
4.84884884884885,4.62856670472582,1452.24968701657,2165.29047137385,0.0432240323064746,806.633369644843,5.3585722997681e-05,2600,26.1990462387831,0.748428609239307,0.842118795970652,0.630265799282595
4.85385385385385,4.63295567537939,1453.74870609896,2165.74272637,0.0431695703764556,805.488203314362,5.35942925033846e-05,2600,26.3111446486752,0.748681056830736,0.842569043235385,0.63081548174233
4.85885885885886,4.63734403172029,1455.24772518135,2166.19391707989,0.0431150522595698,804.341755837803,5.36029019339685e-05,2600,26.4236575606081,0.748932595435924,0.843019147565848,0.631364518188671
4.86386386386386,4.64173177434612,1456.74674426373,2166.64404672876,0.0430604779558171,803.194030677293,5.36115512705024e-05,2600,26.5365862055906,0.749183225808557,0.843469108971802,0.631912907929364
4.86886886886887,4.64611890385366,1458.24576334612,2167.09311853028,0.0430058474651976,802.045031282555,5.36202404950091e-05,2600,26.6499318172981,0.749432948689803,0.843918927464715,0.632460650265017
4.87387387387387,4.65050542083893,1459.74478242851,2167.54113568661,0.0429511607877113,800.894761090958,5.3628969590467e-05,2600,26.7636956320762,0.749681764808272,0.844368603057762,0.633007744489039
4.87887887887888,4.65489132589712,1461.2438015109,2167.98810138843,0.0428964179233582,799.743223527563,5.36377385408127e-05,2600,26.8778788889437,0.749929674879963,0.844818135765826,0.633554189887562
4.88388388388388,4.65927661962263,1462.74282059328,2168.43401881501,0.0428416188721382,798.590422005176,5.36465473309427e-05,2600,26.9924828295963,0.750176679608216,0.845267525605502,0.634099985739388
4.88888888888889,4.66366130260905,1464.24183967567,2168.87889113422,0.0427867636340514,797.436359924392,5.36553959467163e-05,2600,27.1075086984097,0.750422779683667,0.845716772595095,0.634645131315911
4.89389389389389,4.66804537544919,1465.74085875806,2169.32272150262,0.0427318522090977,796.281040673647,5.36642843749575e-05,2600,27.2229577424435,0.750667975784195,0.846165876754624,0.635189625881052
4.8988988988989,4.67242883873506,1467.23987784044,2169.76551306546,0.0426768845972773,795.124467629265,5.36732126034585e-05,2600,27.3388312114439,0.750912268574871,0.846614838105823,0.635733468691191
4.9039039039039,4.67681169305786,1468.73889692283,2170.20726895677,0.04262186079859,793.966644155505,5.3682180620981e-05,2600,27.4551303578475,0.751155658707913,0.847063656672142,0.636276658995097
4.90890890890891,4.681193939008,1470.23791600522,2170.64799229937,0.0425667808130358,792.807573604611,5.36911884172599e-05,2600,27.5718564367845,0.751398146822632,0.847512332478748,0.636819196033858
4.91391391391391,4.68557557717511,1471.73693508761,2171.08768620491,0.0425116446406149,791.647259316859,5.37002359830055e-05,2600,27.6890107060823,0.751639733545377,0.84796086555253,0.63736107904081
4.91891891891892,4.689956608148,1473.23595416999,2171.52635377394,0.0424564522813271,790.4857046206,5.37093233099065e-05,2600,27.8065944262689,0.751880419489484,0.848409255922096,0.637902307241467
4.92392392392392,4.6943370325147,1474.73497325238,2171.96399809597,0.0424012037351724,789.322912832315,5.37184503906327e-05,2600,27.9246088605758,0.752120205255225,0.848857503617783,0.638442879853445
4.92892892892893,4.69871685086245,1476.23399233477,2172.40062224944,0.042345899002151,788.158887256657,5.3727617218838e-05,2600,28.043055274942,0.752359091429754,0.849305608671649,0.638982796086396
4.93393393393393,4.70309606377768,1477.73301141715,2172.83622930184,0.0422905380822627,786.993631186498,5.37368237891634e-05,2600,28.161934938017,0.752597078587049,0.849753571117481,0.639522055141928
4.93893893893894,4.70747467184605,1479.23203049954,2173.27082230973,0.0422351209755076,785.827147902978,5.37460700972399e-05,2600,28.2812491211644,0.752834167287858,0.8502013909908,0.640060656213537
4.94394394394394,4.71185267565242,1480.73104958193,2173.70440431875,0.0421796476818856,784.659440675549,5.37553561396919e-05,2600,28.4009990984651,0.753070358079644,0.850649068328859,0.640598598486529
4.94894894894895,4.71623007578085,1482.23006866431,2174.13697836372,0.0421241182013968,783.490512762023,5.37646819141403e-05,2600,28.521186146721,0.753305651496529,0.851096603170643,0.641135881137944
4.95395395395395,4.72060687281461,1483.7290877467,2174.56854746863,0.0420685325340412,782.320367408617,5.37740474192055e-05,2600,28.641811545458,0.753540048059233,0.85154399555688,0.641672503336483
4.95895895895896,4.7249830673362,1485.22810682909,2174.99911464673,0.0420128906798188,781.149007849998,5.37834526545112e-05,2600,28.7628765769296,0.75377354827502,0.851991245530035,0.642208464242429
4.96396396396396,4.72935865992731,1486.72712591148,2175.42868290053,0.0419571926387295,779.976437309333,5.37928976206875e-05,2600,28.8843825261205,0.754006152637636,0.852438353134322,0.642743763007573
4.96896896896897,4.73373365116885,1488.22614499386,2175.85725522188,0.0419014384107734,778.802658998331,5.38023823193742e-05,2600,29.0063306807495,0.75423786162725,0.852885318415697,0.643278398775131
4.97397397397397,4.73810804164095,1489.72516407625,2176.28483459197,0.0418456279959505,777.627676117285,5.38119067532251e-05,2600,29.1287223312734,0.754468675710395,0.853332141421866,0.64381237067967
4.97897897897898,4.74248183192294,1491.22418315864,2176.71142398142,0.0417897613942607,776.451491855126,5.38214709259108e-05,2600,29.25155877089,0.754698595339902,0.853778822202291,0.644345677847024
4.98398398398398,4.74685502259336,1492.72320224102,2177.13702635028,0.0417338386057041,775.274109389461,5.38310748421227e-05,2600,29.3748412955419,0.754927620954846,0.854225360808189,0.644878319394221
4.98898898898899,4.75122761422999,1494.22222132341,2177.5616446481,0.0416778596302807,774.095531886618,5.38407185075772e-05,2600,29.4985712039194,0.755155752980476,0.854671757292535,0.645410294429391
4.99399399399399,4.7555996074098,1495.7212404058,2177.98528181397,0.0416218244679904,772.915762501695,5.38504019290189e-05,2600,29.6227497974645,0.755382991828153,0.855118011710069,0.645941602051693
4.998998998999,4.75997100270898,1497.22025948819,2178.40794077652,0.0415657331188333,771.7348043786,5.3860125114225e-05,2600,29.7473783803736,0.755609337895288,0.855564124117296,0.646472241351232
5.004004004004,4.76434180070296,1498.71927857057,2178.82962445404,0.0415095855828094,770.5526606501,5.38698880720087e-05,2600,29.8724582596018,0.755834791565277,0.856010094572493,0.647002211408974
5.00900900900901,4.76871200196634,1500.21829765296,2179.25033575443,0.0414533818599187,769.369334437858,5.38796908122244e-05,2600,29.9979907448653,0.756059353207429,0.85645592313571,0.647531511296657
5.01401401401401,4.77308160707299,1501.71731673535,2179.67007757533,0.0413971219501611,768.184828852482,5.38895333457708e-05,2600,30.1239771486455,0.756283023176905,0.856901609868775,0.648060140076714
5.01901901901902,4.77745061659597,1503.21633581773,2180.08885280407,0.0413408058535367,766.999146993571,5.38994156845955e-05,2600,30.2504187861924,0.756505801814651,0.857347154835297,0.648588096802186
5.02402402402402,4.78181903110756,1504.71535490012,2180.5066643178,0.0412844335700455,765.812291949751,5.39093378416996e-05,2600,30.3773169755274,0.756727689447322,0.857792558100674,0.64911538051663
5.02902902902903,4.78618685117927,1506.21437398251,2180.92351498346,0.0412280050996874,764.624266798722,5.39192998311419e-05,2600,30.5046730374475,0.756948686387217,0.858237819732091,0.649641990254036
5.03403403403403,4.79055407738182,1507.71339306489,2181.33940765787,0.0411715204424625,763.435074607307,5.39293016680431e-05,2600,30.6324882955281,0.757168792932217,0.858682939798529,0.65016792503874
5.03903903903904,4.79492071028516,1509.21241214728,2181.75434518771,0.0411149795983707,762.244718431482,5.39393433685911e-05,2600,30.7607640761268,0.757388009365695,0.85912791837077,0.65069318388533
5.04404404404404,4.79928675045846,1510.71143122967,2182.16833040965,0.0410583825674122,761.053201316433,5.39494249500447e-05,2600,30.8895017083866,0.757606335956459,0.859572755521396,0.651217765798562
5.04904904904905,4.80365219847012,1512.21045031206,2182.5813661503,0.0410017293495868,759.86052629659,5.39595464307392e-05,2600,31.0187025242393,0.757823772958676,0.860017451324801,0.651741669773266
5.05405405405405,4.80801705488775,1513.70946939444,2182.9934552263,0.0409450199448946,758.666696395668,5.3969707830091e-05,2600,31.1483678584091,0.758040320611791,0.860462005857192,0.652264894794251
5.05905905905906,4.81238132027819,1515.20848847683,2183.40460044433,0.0408882543533355,757.471714626716,5.39799091686022e-05,2600,31.2784990484158,0.758255979140462,0.86090641919659,0.652787439836219
5.06406406406406,4.81674499520751,1516.70750755922,2183.81480460121,0.0408314325749096,756.275583992156,5.39901504678659e-05,2600,31.4090974345785,0.758470748754475,0.861350691422844,0.653309303863669
5.06906906906907,4.821108080241,1518.2065266416,2184.22407048384,0.0407745546096169,755.078307483823,5.40004317505711e-05,2600,31.5401643600186,0.758684629648673,0.861794822617631,0.653830485830801
5.07407407407407,4.82547057594318,1519.70554572399,2184.63240086934,0.0407176204574574,753.879888083007,5.40107530405083e-05,2600,31.6717011706635,0.758897622002876,0.862238812864459,0.65435098468142
5.07907907907908,4.82983248287781,1521.20456480638,2185.039798525,0.040660630118431,752.680328760501,5.40211143625742e-05,2600,31.8037092152501,0.759109725981802,0.862682662248679,0.654870799348846
5.08408408408408,4.83419380160785,1522.70358388876,2185.44626620841,0.0406035835925378,751.479632476634,5.40315157427773e-05,2600,31.9361898453281,0.759320941734989,0.863126370857482,0.655389928755807
5.08908908908909,4.83855453269552,1524.20260297115,2185.8518066674,0.0405464808797777,750.277802181314,5.40419572082437e-05,2600,32.0691444152632,0.75953126939671,0.863569938779916,0.655908371814348
5.09409409409409,4.84291467670224,1525.70162205354,2186.25642264016,0.0404893219801508,749.074840814074,5.40524387872221e-05,2600,32.2025742822409,0.759740709085894,0.864013366106879,0.656426127425731
5.0990990990991,4.84727423418868,1527.20064113593,2186.66011685525,0.0404321068936572,747.870751304107,5.40629605090897e-05,2600,32.3364808062698,0.759949260906043,0.864456652931137,0.656943194480329
5.1041041041041,4.85163320571475,1528.69966021831,2187.0628920316,0.0403748356202966,746.665536570311,5.40735224043579e-05,2600,32.4708653501849,0.76015692494515,0.86489979934732,0.657459571857536
5.10910910910911,4.85599159183956,1530.1986793007,2187.46475087862,0.0403175081600693,745.459199521327,5.40841245046782e-05,2600,32.6057292796511,0.760363701275607,0.865342805451934,0.65797525842565
5.11411411411411,4.86034939312149,1531.69769838309,2187.86569609617,0.0402601245129751,744.25174305558,5.40947668428483e-05,2600,32.7410739631666,0.760569589954125,0.865785671343368,0.658490253041783
5.11911911911912,4.86470661011812,1533.19671746547,2188.26573037465,0.040202684679014,743.04317006132,5.41054494528175e-05,2600,32.8769007720666,0.760774591021648,0.866228397121897,0.659004554551749
5.12412412412412,4.8690632433863,1534.69573654786,2188.664856395,0.0401451886581862,741.833483416661,5.41161723696935e-05,2600,33.0132110805261,0.760978704503255,0.866670982889691,0.659518161789959
5.12912912912913,4.87341929348209,1536.19475563025,2189.06307682876,0.0400876364504915,740.62268598962,5.41269356297484e-05,2600,33.1500062655641,0.761181930408084,0.867113428750819,0.66003107357932
5.13413413413413,4.87777476096078,1537.69377471264,2189.46039433809,0.04003002805593,739.410780638161,5.41377392704247e-05,2600,33.2872877070464,0.76138426872923,0.86755573481126,0.660543288731121
5.13913913913914,4.88212964637693,1539.19279379502,2189.85681157583,0.0399723634745016,738.19777021023,5.41485833303425e-05,2600,33.4250567876894,0.76158571944366,0.867997901178908,0.661054806044926
5.14414414414414,4.8864839502843,1540.69181287741,2190.2523311855,0.0399146427062064,736.983657543795,5.41594678493051e-05,2600,33.5633148930634,0.761786282512117,0.868439927963578,0.661565624308465
5.14914914914915,4.89083767323592,1542.1908319598,2190.64695580137,0.0398568657510444,735.768445466887,5.41703928683065e-05,2600,33.702063411596,0.761985957879024,0.868881815277017,0.662075742297523
5.15415415415415,4.89519081578404,1543.68985104218,2191.0406880485,0.0397990326090156,734.55213679764,5.41813584295375e-05,2600,33.8413037345755,0.762184745472395,0.869323563232906,0.662585158775828
5.15915915915916,4.89954337848016,1545.18887012457,2191.43353054274,0.0397411432801199,733.334734344324,5.4192364576393e-05,2600,33.9810372561548,0.762382645203734,0.869765171946873,0.663093872494938
5.16416416416416,4.90389536187501,1546.68788920696,2191.82548589079,0.0396831977643574,732.116240905393,5.42034113534786e-05,2600,34.121265373354,0.762579656967935,0.870206641536499,0.663601882194122
5.16916916916917,4.90824676651858,1548.18690828934,2192.21655669024,0.0396251960617281,730.896659269514,5.42144988066179e-05,2600,34.2619894860645,0.76277578064319,0.870647972121323,0.664109186600252
5.17417417417417,4.91259759296008,1549.68592737173,2192.60674552961,0.0395671381722319,729.675992215613,5.42256269828598e-05,2600,34.4032109970522,0.76297101609088,0.871089163822855,0.664615784427679
5.17917917917918,4.91694784174799,1551.18494645412,2192.99605498835,0.0395090240958689,728.454242512908,5.42367959304855e-05,2600,34.544931311961,0.763165363155482,0.871530216764583,0.665121674378118
5.18418418418418,4.92129751343,1552.68396553651,2193.38448763691,0.0394508538326391,727.23141292095,5.4248005699016e-05,2600,34.6871518393162,0.76335882166446,0.871971131071976,0.66562685514053
5.18918918918919,4.92564660855308,1554.18298461889,2193.77204603679,0.0393926273825425,726.007506189662,5.42592563392197e-05,2600,34.8298739905278,0.763551391428164,0.872411906872503,0.666131325390997
5.19419419419419,4.92999512766343,1555.68200370128,2194.15873274051,0.039334344745579,724.782525059372,5.42705479031201e-05,2600,34.9730991798944,0.763743072239721,0.872852544295632,0.666635083792603
5.1991991991992,4.9343430713065,1557.18102278367,2194.54455029172,0.0392760059217487,723.556472260856,5.42818804440034e-05,2600,35.1168288246061,0.763933863874937,0.873293043472843,0.667138128995312
5.2042042042042,4.93869044002698,1558.68004186605,2194.92950122519,0.0392176109110515,722.32935051537,5.42932540164267e-05,2600,35.2610643447482,0.764123766092174,0.873733404537638,0.667640459635837
5.20920920920921,4.94303723436882,1560.17906094844,2195.31358806684,0.0391591597134876,721.101162534694,5.43046686762255e-05,2600,35.4058071633048,0.764312778632255,0.874173627625549,0.668142074337522
5.21421421421421,4.9473834548752,1561.67808003083,2195.69681333381,0.0391006523290567,719.871911021163,5.4316124480522e-05,2600,35.5510587061617,0.764500901218345,0.874613712874147,0.668642971710209
5.21921921921922,4.95172910208858,1563.17709911322,2196.07917953447,0.0390420887577591,718.641598667708,5.43276214877338e-05,2600,35.6968204021107,0.764688133555842,0.875053660423053,0.669143150350112
5.22422422422422,4.95607417655065,1564.6761181956,2196.46068916847,0.0389834689995946,717.410228157891,5.43391597575815e-05,2600,35.8430936828521,0.764874475332259,0.875493470413946,0.669642608839685
5.22922922922923,4.96041867880235,1566.17513727799,2196.84134472673,0.0389247930545633,716.177802165942,5.4350739351098e-05,2600,35.9898799829991,0.765059926217113,0.875933142990575,0.670141345747493
5.23423423423423,4.96476260938389,1567.67415636038,2197.22114869156,0.0388660609226652,714.944323356795,5.43623603306365e-05,2600,36.1371807400802,0.765244485861808,0.876372678298767,0.670639359628076
5.23923923923924,4.96910596883471,1569.17317544276,2197.60010353659,0.0388072726039002,713.709794386126,5.43740227598796e-05,2600,36.2849973945438,0.765428153899513,0.87681207648644,0.671136649021814
5.24424424424424,4.97344875769353,1570.67219452515,2197.97821172688,0.0387484280982685,712.474217900388,5.43857267038481e-05,2600,36.4333313897605,0.765610929945047,0.87725133770361,0.671633212454798
5.24924924924925,4.97779097649832,1572.17121360754,2198.35547571893,0.0386895274057698,711.237596536849,5.43974722289099e-05,2600,36.5821841720277,0.765792813594757,0.877690462102406,0.672129048438684
5.25425425425425,4.98213262578628,1573.67023268992,2198.73189796072,0.0386305705264044,709.999932923621,5.44092594027894e-05,2600,36.7315571905719,0.765973804426388,0.878129449837076,0.672624155470556
5.25925925925926,4.98647370609389,1575.16925177231,2199.10748089171,0.0385715574601721,708.761229679708,5.44210882945766e-05,2600,36.8814518975533,0.766153901998971,0.878568301064002,0.673118532032792
5.26426426426426,4.9908142179569,1576.6682708547,2199.48222694292,0.038512488207073,707.521489415029,5.44329589747368e-05,2600,37.0318697480682,0.766333105852684,0.87900701594171,0.673612176592911
5.26926926926927,4.99515416191028,1578.16728993709,2199.85613853694,0.038453362767107,706.280714730464,5.44448715151197e-05,2600,37.1828122001532,0.766511415508737,0.879445594630881,0.67410508760344
5.27427427427427,4.9994935384883,1579.66630901947,2200.22921808796,0.0383941811402743,705.038908217881,5.44568259889696e-05,2600,37.3342807147883,0.766688830469233,0.879884037294363,0.674597263501762
5.27927927927928,5.00383234822447,1581.16532810186,2200.60146800181,0.0383349433265747,703.796072460177,5.44688224709349e-05,2600,37.4862767559005,0.76686535021704,0.880322344097183,0.675088702709972
5.28428428428428,5.00817059165156,1582.66434718425,2200.97289067599,0.0382756493260082,702.55221003131,5.44808610370786e-05,2600,37.6388017903674,0.767040974215662,0.880760515206558,0.675579403634727
5.28928928928929,5.01250826930161,1584.16336626663,2201.34348849971,0.0382162991385749,701.307323496334,5.44929417648877e-05,2600,37.79185728802,0.7672157019091,0.88119855079191,0.676069364667097
5.29429429429429,5.01684538170591,1585.66238534902,2201.7132638539,0.0381568927642748,700.061415411435,5.45050647332842e-05,2600,37.9454447216472,0.767389532721717,0.881636451024874,0.676558584182411
5.2992992992993,5.02118192939504,1587.16140443141,2202.08221911128,0.0380974302031079,698.814488323967,5.45172300226354e-05,2600,38.0995655669983,0.767562466058102,0.882074216079316,0.677047060540107
5.3043043043043,5.02551791289882,1588.66042351379,2202.45035663635,0.0380379114550742,697.566544772482,5.4529437714764e-05,2600,38.2542213027871,0.767734501302932,0.882511846131341,0.677534792083575
5.30930930930931,5.02985333274635,1590.15944259618,2202.81767878545,0.0379783365201736,696.317587286768,5.45416878929596e-05,2600,38.409413410695,0.767905637820823,0.882949341359311,0.678021777139998
5.31431431431431,5.03418818946598,1591.65846167857,2203.18418790679,0.0379187053984061,695.067618387884,5.45539806419892e-05,2600,38.5651433753746,0.768075874956199,0.883386701943853,0.678508014020196
5.31931931931932,5.03852248358535,1593.15748076096,2203.54988634046,0.0378590180897719,693.816640588187,5.45663160481084e-05,2600,38.7214126844533,0.768245212033131,0.883823928067878,0.678993501018462
5.32432432432432,5.04285621563135,1594.65649984334,2203.91477641851,0.0377992745942708,692.564656391377,5.45786941990726e-05,2600,38.8782228285365,0.768413648355208,0.884261019916589,0.679478236412403
5.32932932932933,5.04718938613014,1596.15551892573,2204.2788604649,0.0377394749119029,691.311668292523,5.45911151841484e-05,2600,39.0355753012112,0.768581183205376,0.8846979776775,0.679962218462776
5.33433433433433,5.05152199560717,1597.65453800812,2204.64214079562,0.0376796190426681,690.057678778095,5.46035790941252e-05,2600,39.1934715990495,0.76874781584579,0.885134801540447,0.680445445413315
5.33933933933934,5.05585404458715,1599.1535570905,2205.00461971867,0.0376197069865666,688.802690326006,5.4616086021327e-05,2600,39.3519132216122,0.768913545517663,0.885571491697605,0.680927915490571
5.34434434434434,5.06018553359404,1600.65257617289,2205.36629953409,0.0375597387435982,687.546705405638,5.46286360596241e-05,2600,39.5109016714517,0.769078371441114,0.886008048343501,0.68140962690374
5.34934934934935,5.06451646315111,1602.15159525528,2205.72718253403,0.0374997143137629,686.289726477876,5.46412293044457e-05,2600,39.6704384541163,0.769242292815002,0.886444471675029,0.681890577844483
5.35435435435435,5.06884683378088,1603.65061433767,2206.08727100272,0.0374396336970609,685.031755995145,5.46538658527915e-05,2600,39.8305250781531,0.769405308816778,0.886880761891467,0.682370766486764
5.35935935935936,5.07317664600515,1605.14963342005,2206.44656721657,0.037379496893492,683.772796401441,5.46665458032445e-05,2600,39.9911630551116,0.769567418602318,0.88731691919449,0.682850190986665
5.36436436436436,5.07750590034499,1606.64865250244,2206.80507344413,0.0373193039030562,682.51285013236,5.46792692559839e-05,2600,40.1523538995472,0.769728621305762,0.887752943788185,0.683328849482212
5.36936936936937,5.08183459732077,1608.14767158483,2207.16279194619,0.0372590547257537,681.251919615136,5.4692036312797e-05,2600,40.3140991290248,0.769888916039353,0.888188835879072,0.683806740093193
5.37437437437437,5.0861627374521,1609.64669066721,2207.51972497576,0.0371987493615843,679.990007268673,5.47048470770933e-05,2600,40.4764002641219,0.77004830189326,0.888624595676114,0.684283860920976
5.37937937937938,5.0904903212579,1611.1457097496,2207.87587477811,0.0371383878105481,678.727115503573,5.47177016539169e-05,2600,40.6392588284326,0.770206777935418,0.88906022339074,0.684760210048325
5.38438438438438,5.09481734925636,1612.64472883199,2208.23124359082,0.037077970072645,677.463246722171,5.47306001499602e-05,2600,40.8026763485708,0.770364343211356,0.889495719236852,0.68523578553921
5.38938938938939,5.09914382196494,1614.14374791437,2208.58583364379,0.0370174961478751,676.198403318572,5.47435426735774e-05,2600,40.9666543541735,0.770520996744017,0.889931083430856,0.685710585438626
5.39439439439439,5.10346973990039,1615.64276699676,2208.93964715927,0.0369569660362384,674.932587678671,5.47565293347982e-05,2600,41.1311943779046,0.770676737533588,0.890366316191663,0.68618460777239
5.3993993993994,5.10779510357873,1617.14178607915,2209.29268635191,0.0368963797377349,673.665802180199,5.47695602453418e-05,2600,41.2962979554582,0.77083156455732,0.890801417740722,0.68665785054696
5.4044044044044,5.1121199135153,1618.64080516154,2209.64495342876,0.0368357372523645,672.398049192741,5.47826355186311e-05,2600,41.4619666255623,0.770985476769346,0.891236388302027,0.687130311749228
5.40940940940941,5.11644417022467,1620.13982424392,2209.99645058934,0.0367750385801273,671.129331077782,5.47957552698068e-05,2600,41.6282019299819,0.771138473100503,0.891671228102138,0.687601989346333
5.41441441441441,5.12076787422073,1621.63884332631,2210.34718002561,0.0367142837210233,669.859650188722,5.48089196157428e-05,2600,41.7950054135229,0.771290552458139,0.892105937370203,0.68807288128545
5.41941941941942,5.12509102601665,1623.1378624087,2210.69714392206,0.0366534726750524,668.589008870925,5.48221286750596e-05,2600,41.9623786240352,0.771441713725932,0.892540516337972,0.688542985493593
5.42442442442442,5.12941362612488,1624.63688149108,2211.0463444557,0.0365926054422147,667.317409461733,5.48353825681406e-05,2600,42.1303231124165,0.771591955763697,0.892974965239817,0.689012299877409
5.42942942942943,5.13373567505716,1626.13590057347,2211.39478379611,0.0365316820225102,666.044854290512,5.48486814171467e-05,2600,42.2988404326156,0.771741277407192,0.893409284312755,0.68948082232297
5.43443443443443,5.13805717332452,1627.63491965586,2211.74246410545,0.0364707024159388,664.771345678673,5.48620253460314e-05,2600,42.4679321416362,0.771889677467928,0.893843473796462,0.689948550695563
5.43943943943944,5.14237812143728,1629.13393873825,2212.0893875385,0.0364096666225006,663.496885939707,5.48754144805575e-05,2600,42.6375997995397,0.772037154732963,0.894277533933296,0.690415482839473
5.44444444444444,5.14669851990504,1630.63295782063,2212.43555624271,0.0363485746421956,662.221477379214,5.48888489483119e-05,2600,42.8078449694494,0.772183707964712,0.894711464968319,0.690881616577776
5.44944944944945,5.15101836923671,1632.13197690302,2212.78097235817,0.0362874264750237,660.945122294934,5.49023288787223e-05,2600,42.9786692175538,0.772329335900732,0.895145267149311,0.691346949712111
5.45445445445445,5.15533766994047,1633.63099598541,2213.12563801771,0.0362262221209851,659.66782297678,5.49158544030732e-05,2600,43.1500741131099,0.772474037253529,0.8955789407268,0.69181148002247
5.45945945945946,5.1596564225238,1635.13001506779,2213.46955534686,0.0361649615800796,658.389581706863,5.49294256545229e-05,2600,43.3220612284468,0.772617810710337,0.896012485954074,0.692275205266964
5.46446446446446,5.1639746274935,1636.62903415018,2213.81272646394,0.0361036448523072,657.110400759527,5.494304276812e-05,2600,43.4946321389692,0.772760654932917,0.896445903087209,0.692738123181602
5.46946946946947,5.16829228535561,1638.12805323257,2214.15515348003,0.036042271937668,655.830282401378,5.49567058808206e-05,2600,43.6677884231609,0.772902568557338,0.896879192385087,0.693200231480065
5.47447447447447,5.17260939661552,1639.62707231495,2214.49683849905,0.035980842836162,654.54922889131,5.49704151315054e-05,2600,43.8415316625883,0.773043550193759,0.897312354109423,0.693661527853468
5.47947947947948,5.17692596177789,1641.12609139734,2214.83778361776,0.0359193575477892,653.267242480542,5.49841706609973e-05,2600,44.015863441904,0.773183598426216,0.89774538852478,0.694122009970131
5.48448448448448,5.18124198134668,1642.62511047973,2215.17799092579,0.0358578160725495,651.984325412639,5.49979726120797e-05,2600,44.1907853488499,0.773322711812389,0.898178295898598,0.694581675475334
5.48948948948949,5.18555745582515,1644.12412956212,2215.51746250566,0.035796218410443,650.70047992355,5.50118211295137e-05,2600,44.3662989742614,0.773460888883388,0.898611076501216,0.695040521991088
5.49449449449449,5.18987238571585,1645.6231486445,2215.85620043284,0.0357345645614697,649.415708241633,5.50257163600572e-05,2600,44.54240591207,0.773598128143514,0.899043730605893,0.695498547115881
5.4994994994995,5.19418677152065,1647.12216772689,2216.19420677572,0.0356728545256296,648.130012587681,5.50396584524832e-05,2600,44.7191077593078,0.773734428070032,0.899476258488836,0.695955748424431
5.5045045045045,5.19850061374071,1648.62118680928,2216.5314835957,0.0356110883029226,646.84339517496,5.50536475575983e-05,2600,44.8964061161099,0.77386978711294,0.89990866042922,0.696412123467452
5.50950950950951,5.20281391287649,1650.12020589166,2216.86803294719,0.0355492658933488,645.555858209231,5.50676838282628e-05,2600,45.0743025857191,0.774004203694723,0.900340936709216,0.696867669771378
5.51451451451451,5.20712666942775,1651.61922497405,2217.20385687762,0.0354873872969081,644.26740388878,5.50817674194088e-05,2600,45.2527987744883,0.774137676210118,0.900773087614015,0.697322384838127
5.51951951951952,5.21143888389357,1653.11824405644,2217.53895742748,0.0354254525136006,642.978034404448,5.50958984880612e-05,2600,45.4318962918848,0.774270203025866,0.901205113431853,0.697776266144829
5.52452452452452,5.21575055677231,1654.61726313883,2217.87333663037,0.0353634615434263,641.687751939663,5.51100771933566e-05,2600,45.6115967504933,0.774401782480469,0.901637014454037,0.698229311143575
5.52952952952953,5.22006168856166,1656.11628222121,2218.20699651299,0.0353014143863852,640.396558670459,5.51243036965645e-05,2600,45.7919017660198,0.774532412883933,0.902068790974972,0.698681517261137
5.53453453453453,5.22437227975861,1657.6153013036,2218.53993909518,0.0352393110424772,639.104456765516,5.5138578161107e-05,2600,45.9728129572947,0.774662092517518,0.902500443292185,0.699132881898712
5.53953953953954,5.22868233085944,1659.11432038599,2218.87216638997,0.0351771515117024,637.811448386179,5.51529007525802e-05,2600,46.1543319462767,0.774790819633481,0.902931971706357,0.699583402431643
5.54454454454454,5.23299184235977,1660.61333946837,2219.20368040355,0.0351149357940608,636.517535686492,5.51672716387756e-05,2600,46.336460358056,0.774918592454808,0.903363376521346,0.700033076209144
5.54954954954955,5.2373008147545,1662.11235855076,2219.53448313537,0.0350526638895523,635.222720813226,5.51816909897006e-05,2600,46.5191998208579,0.775045409174958,0.903794658044217,0.700481900554022
5.55455455455455,5.24160924853786,1663.61137763315,2219.8645765781,0.034990335798177,633.927005905899,5.51961589776016e-05,2600,46.7025519660467,0.775171267957589,0.904225816585271,0.700929872762391
5.55955955955956,5.24591714420337,1665.11039671553,2220.1939627177,0.0349279515199349,632.630393096817,5.52106757769849e-05,2600,46.8865184281283,0.775296166936287,0.90465685245807,0.701376990103387
5.56456456456456,5.2502245022439,1666.60941579792,2220.52264353341,0.0348655110548259,631.33288451109,5.522524156464e-05,2600,47.0711008447545,0.77542010421429,0.905087765979472,0.701823249818881
5.56956956956957,5.25453132315159,1668.10843488031,2220.85062099781,0.0348030144028501,630.034482266667,5.52398565196619e-05,2600,47.2563008567267,0.775543077864212,0.905518557469655,0.702268649123178
5.57457457457457,5.25883760741792,1669.6074539627,2221.17789707683,0.0347404615640075,628.735188474358,5.52545208234744e-05,2600,47.4421201079983,0.775665085927754,0.905949227252151,0.702713185202722
5.57957957957958,5.26314335553369,1671.10647304508,2221.50447372978,0.0346778525382981,627.43500523787,5.52692346598533e-05,2600,47.6285602456795,0.775786126415422,0.906379775653878,0.703156855215801
5.58458458458458,5.26744856798899,1672.60549212747,2221.83035290936,0.0346151873257218,626.13393465382,5.52839982149506e-05,2600,47.8156229200398,0.775906197306231,0.906810203005162,0.703599656292227
5.58958958958959,5.27175324527324,1674.10451120986,2222.1555365617,0.0345524659262787,624.831978811779,5.52988116773183e-05,2600,48.003309784512,0.776025296547415,0.90724050963978,0.704041585533038
5.59459459459459,5.27605738787519,1675.60353029224,2222.48002662638,0.0344896883399687,623.529139794286,5.53136752379328e-05,2600,48.1916224956961,0.776143422054123,0.907670695894987,0.704482640010182
5.5995995995996,5.28036099628291,1677.10254937463,2222.80382503647,0.034426854566792,622.225419676882,5.53285890902201e-05,2600,48.3805627133618,0.776260571709121,0.908100762111547,0.704922816766198
5.6046046046046,5.28466407098375,1678.60156845702,2223.12693371854,0.0343639646067484,620.920820528133,5.53435534300808e-05,2600,48.570132100453,0.776376743362479,0.908530708633768,0.705362112813889
5.60960960960961,5.28896661246443,1680.1005875394,2223.44935459267,0.0343010184598379,619.61534440966,5.53585684559157e-05,2600,48.7603323230907,0.776491934831262,0.908960535809536,0.705800525136007
5.61461461461461,5.29326862121097,1681.59960662179,2223.7710895725,0.0342380161260607,618.308993376161,5.53736343686517e-05,2600,48.9511650505768,0.776606143899218,0.909390243990346,0.706238050684912
5.61961961961962,5.2975700977087,1683.09862570418,2224.09214056527,0.0341749576054166,617.001769475446,5.53887513717683e-05,2600,49.1426319553976,0.776719368316448,0.909819833531344,0.706674686382242
5.62462462462462,5.30187104244231,1684.59764478657,2224.41250947178,0.0341118428979056,615.69367474845,5.54039196713244e-05,2600,49.3347347132272,0.776831605799092,0.91024930479135,0.707110429118572
5.62962962962963,5.30617145589577,1686.09666386895,2224.73219818649,0.0340486720035279,614.384711229275,5.54191394759849e-05,2600,49.5274750029314,0.776942854028991,0.910678658132909,0.707545275753074
5.63463463463463,5.31047133855241,1687.59568295134,2225.05120859749,0.0339854449222833,613.074880945203,5.5434410997049e-05,2600,49.7208545065704,0.777053110653358,0.911107893922312,0.707979223113163
5.63963963963964,5.31477069089487,1689.09470203373,2225.36954258657,0.0339221616541719,611.76418591673,5.54497344484778e-05,2600,49.9148749094033,0.777162373284439,0.911537012529644,0.708412267994146
5.64464464464464,5.31906951340512,1690.59372111611,2225.68720202918,0.0338588221991936,610.452628157589,5.54651100469224e-05,2600,50.109537899891,0.77727063949917,0.911966014328814,0.708844407158866
5.64964964964965,5.32336780656446,1692.0927401985,2226.00418879452,0.0337954265573486,609.140209674775,5.5480538011753e-05,2600,50.3048451697001,0.777377906838825,0.912394899697601,0.70927563733734
5.65465465465465,5.32766557085352,1693.59175928089,2226.32050474554,0.0337319747286366,607.826932468573,5.54960185650884e-05,2600,50.5007984137059,0.77748417280867,0.912823669017682,0.709705955226388
5.65965965965966,5.33196280675227,1695.09077836328,2226.63615173894,0.0336684667130579,606.512798532581,5.5511551931825e-05,2600,50.6973993299966,0.777589434877596,0.913252322674683,0.710135357489259
5.66466466466466,5.33625951473998,1696.58979744566,2226.95113162524,0.0336049025106123,605.19780985374,5.55271383396674e-05,2600,50.8946496198763,0.777693690477767,0.913680861058209,0.710563840755262
5.66966966966967,5.34055569529528,1698.08881652805,2227.26544624875,0.0335412821212999,603.881968412353,5.55427780191587e-05,2600,51.0925509878689,0.777796937004244,0.914109284561887,0.710991401619377
5.67467467467467,5.34485134889612,1699.58783561044,2227.57909744765,0.0334776055451207,602.565276182118,5.55584712037116e-05,2600,51.2911051417213,0.777899171814617,0.914537593583412,0.711418036641869
5.67967967967968,5.34914647601981,1701.08685469282,2227.89208705396,0.0334138727820746,601.247735130145,5.557421812964e-05,2600,51.4903137924071,0.778000392228618,0.914965788524584,0.711843742347893
5.68468468468468,5.35344107714295,1702.58587377521,2228.2044168936,0.0333500838321618,599.929347216986,5.55900190361907e-05,2600,51.6901786541302,0.778100595527749,0.915393869791348,0.712268515227099
5.68968968968969,5.35773515274151,1704.0848928576,2228.51608878642,0.033286238695382,598.610114396663,5.56058741655762e-05,2600,51.8907014443284,0.778199778954887,0.915821837793845,0.712692351733228
5.69469469469469,5.36202870329078,1705.58391193998,2228.82710454617,0.0332223373717355,597.290038616684,5.56217837630073e-05,2600,52.0918838836765,0.778297939713884,0.916249692946447,0.713115248283699
5.6996996996997,5.36632172926541,1707.08293102237,2229.13746598058,0.0331583798612221,595.969121818075,5.56377480767266e-05,2600,52.2937276960904,0.778395074969181,0.916677435667807,0.713537201259199
5.7047047047047,5.37061423113935,1708.58195010476,2229.44717489136,0.0330943661638419,594.647365935403,5.56537673580428e-05,2600,52.4962346087303,0.778491181845383,0.917105066380902,0.713958207003257
5.70970970970971,5.37490620938593,1710.08096918715,2229.75623307423,0.0330302962795948,593.324772896799,5.56698418613646e-05,2600,52.699406352004,0.778586257426864,0.917532585513079,0.714378261821822
5.71471471471471,5.3791976644778,1711.57998826953,2230.06464231892,0.0329661702084809,592.001344623984,5.56859718442358e-05,2600,52.9032446595713,0.778680298757343,0.917959993496101,0.714797361982833
5.71971971971972,5.38348859688695,1713.07900735192,2230.37240440921,0.0329019879505002,590.677083032295,5.57021575673715e-05,2600,53.1077512683467,0.778773302839456,0.918387290766197,0.71521550371577
5.72472472472472,5.38777900708472,1714.57802643431,2230.67952112298,0.0328377495056527,589.351990030703,5.57183992946931e-05,2600,53.3129279185031,0.778865266634331,0.918814477764104,0.715632683211222
5.72972972972973,5.39206889554179,1716.07704551669,2230.98599423218,0.0327734548739383,588.026067521845,5.57346972933658e-05,2600,53.5187763534757,0.778956187061154,0.919241554935123,0.71604889662043
5.73473473473473,5.39635826272819,1717.57606459908,2231.29182550288,0.0327091040553571,586.699317402044,5.57510518338352e-05,2600,53.7252983199652,0.779046060996723,0.919668522729162,0.716464140054829
5.73973973973974,5.40064710911327,1719.07508368147,2231.5970166953,0.0326446970499091,585.371741561333,5.57674631898655e-05,2600,53.9324955679416,0.779134885274999,0.920095381600792,0.71687840958559
5.74474474474474,5.40493543516577,1720.57410276386,2231.90156956381,0.0325802338575942,584.04334188348,5.57839316385772e-05,2600,54.1403698506474,0.779222656686655,0.920522132009294,0.717291701243145
5.74974974974975,5.40922324135374,1722.07312184624,2232.20548585698,0.0325157144784125,582.714120246009,5.5800457460487e-05,2600,54.3489229246014,0.779309371978608,0.920948774418711,0.717704011016715
5.75475475475475,5.4135105281446,1723.57214092863,2232.50876731757,0.032451138912364,581.38407852023,5.58170409395462e-05,2600,54.5581565496023,0.779395027853561,0.921375309297904,0.718115334853824
5.75975975975976,5.4177972960051,1725.07116001102,2232.81141568257,0.0323865071594487,580.053218571253,5.58336823631819e-05,2600,54.768072488732,0.779479620969514,0.921801737120603,0.718525668659807
5.76476476476476,5.42208354540136,1726.5701790934,2233.11343268323,0.0323218192196665,578.721542258022,5.58503820223368e-05,2600,54.9786725083595,0.779563147939294,0.92222805836546,0.718935008297321
5.76976976976977,5.42636927679883,1728.06919817579,2233.41482004507,0.0322570750930175,577.389051433332,5.58671402115112e-05,2600,55.189958378144,0.779645605330061,0.92265427351611,0.719343349585835
5.77477477477477,5.43065449066234,1729.56821725818,2233.7155794879,0.0321922747795016,576.055747943853,5.58839572288051e-05,2600,55.4019318710388,0.779726989662811,0.923080383061219,0.719750688301118
5.77977977977978,5.43493918745604,1731.06723634056,2234.01571272585,0.0321274182791189,574.721633630153,5.59008333759604e-05,2600,55.6145947632948,0.779807297411872,0.923506387494549,0.720157020174725
5.78478478478478,5.43922336764345,1732.56625542295,2234.31522146738,0.0320625055918694,573.386710326723,5.59177689584047e-05,2600,55.8279488344637,0.779886525004398,0.923932287315009,0.720562340893468
5.78978978978979,5.44350703168746,1734.06527450534,2234.61410741531,0.0319975367177531,572.050979862001,5.59347642852951e-05,2600,56.0419958674023,0.779964668819846,0.924358083026722,0.720966646098885
5.79479479479479,5.44779018005029,1735.56429358773,2234.91237226684,0.0319325116567699,570.714444058387,5.59518196695632e-05,2600,56.2567376482751,0.780041725189449,0.924783775139076,0.721369931386696
5.7997997997998,5.45207281319352,1737.06331267011,2235.21001771359,0.0318674304089199,569.377104732281,5.59689354279601e-05,2600,56.4721759665589,0.780117690395688,0.925209364166792,0.721772192306261
5.8048048048048,5.45635493157811,1738.5623317525,2235.50704544156,0.0318022929742031,568.038963694086,5.59861118811034e-05,2600,56.6883126150452,0.780192560671742,0.92563485062998,0.72217342436001
5.80980980980981,5.46063653566435,1740.06135083489,2235.80345713123,0.0317370993526194,566.700022748249,5.60033493535227e-05,2600,56.9051493898448,0.78026633220095,0.926060235054208,0.722573623002897
5.81481481481481,5.46491762591191,1741.56036991727,2236.09925445754,0.0316718495441689,565.360283693272,5.60206481737087e-05,2600,57.1226880903907,0.780339001116237,0.926485517970561,0.722972783641808
5.81981981981982,5.4691982027798,1743.05938899966,2236.3944390899,0.0316065435488516,564.019748321739,5.60380086741609e-05,2600,57.3409305194419,0.780410563499563,0.926910699915707,0.723370901634992
5.82482482482482,5.47347826672642,1744.55840808205,2236.68901269223,0.0315411813666675,562.678418420336,5.60554311914365e-05,2600,57.559878483087,0.78048101538134,0.927335781431965,0.723767972291469
5.82982982982983,5.47775781820951,1746.05742716444,2236.98297692298,0.0314757629976165,561.336295769877,5.60729160662009e-05,2600,57.7795337907478,0.780550352739852,0.927760763067369,0.724163990870429
5.83483483483483,5.48203685768617,1747.55644624682,2237.27633343516,0.0314102884416987,559.993382145322,5.60904636432783e-05,2600,57.9998982551824,0.780618571500656,0.92818564537574,0.724558952580625
5.83983983983984,5.48631538561289,1749.05546532921,2237.56908387633,0.031344757698914,558.649679315803,5.61080742717028e-05,2600,58.2209736924894,0.780685667535998,0.928610428916749,0.724952852579762
5.84484484484484,5.49059340244549,1750.5544844116,2237.86122988864,0.0312791707692626,557.305189044641,5.61257483047714e-05,2600,58.4427619221109,0.780751636664182,0.929035114255995,0.725345685973864
5.84984984984985,5.49487090863919,1752.05350349398,2238.15277310886,0.0312135276527442,555.959913089372,5.61434861000969e-05,2600,58.6652647668369,0.780816474648964,0.929459701965072,0.725737447816644
5.85485485485485,5.49914790464855,1753.55252257637,2238.44371516837,0.0311478283493591,554.613853201768,5.61612880196621e-05,2600,58.8884840528075,0.78088017719892,0.929884192621639,0.726128133108861
5.85985985985986,5.50342439092752,1755.05154165876,2238.73405769323,0.0310820728591071,553.267011127859,5.61791544298746e-05,2600,59.1124216095179,0.78094273996681,0.930308586809504,0.726517736797665
5.86486486486486,5.5077003679294,1756.55056074114,2239.02380230414,0.0310162611819883,551.919388607952,5.61970857016228e-05,2600,59.3370792698209,0.781004158548926,0.930732885118687,0.726906253775934
5.86986986986987,5.51197583610687,1758.04957982353,2239.31295061651,0.0309503933180027,550.570987376655,5.62150822103327e-05,2600,59.5624588699314,0.781064428484438,0.931157088145503,0.7272936788816
5.87487487487487,5.51625079591198,1759.54859890592,2239.60150424044,0.0308844692671503,549.2218091629,5.62331443360252e-05,2600,59.7885622494289,0.781123545254725,0.931581196492641,0.727680006896971
5.87987987987988,5.52052524779614,1761.04761798831,2239.88946478078,0.030818489029431,547.87185568996,5.62512724633753e-05,2600,60.0153912512619,0.7811815042827,0.932005210769239,0.728065232548029
5.88488488488488,5.52479919221016,1762.54663707069,2240.17683383712,0.0307524526048448,546.521128675471,5.62694669817714e-05,2600,60.2429477217513,0.781238300932115,0.932429131590965,0.728449350503733
5.88988988988989,5.52907262960419,1764.04565615308,2240.46361300381,0.0306863599933919,545.169629831458,5.62877282853756e-05,2600,60.4712335105936,0.78129393050687,0.9328529595801,0.728832355375303
5.89489489489489,5.53334556042778,1765.54467523547,2240.74980387,0.0306202111950721,543.817360864352,5.63060567731855e-05,2600,60.7002504708648,0.781348388250299,0.933276695365623,0.729214241715495
5.8998998998999,5.53761798512985,1767.04369431785,2241.03540801966,0.0305540062098855,542.46432347501,5.6324452849097e-05,2600,60.9300004590242,0.781401669344452,0.933700339583287,0.729595004017862
5.9049049049049,5.54188990415868,1768.54271340024,2241.32042703156,0.030487745037832,541.11051935874,5.63429169219672e-05,2600,61.1604853349173,0.781453768909361,0.934123892875716,0.729974636716013
5.90990990990991,5.54616131796194,1770.04173248263,2241.60486247933,0.0304214276789118,539.755950205319,5.63614494056799e-05,2600,61.3917069617799,0.7815046820023,0.934547355892484,0.730353134182846
5.91491491491491,5.55043222698668,1771.54075156501,2241.88871593148,0.0303550541331247,538.400617699011,5.63800507192108e-05,2600,61.6236672062416,0.781554403617026,0.934970729290206,0.730730490729783
5.91991991991992,5.55470263167934,1773.0397706474,2242.17198895139,0.0302886244004707,537.044523518595,5.63987212866942e-05,2600,61.8563679383291,0.781602928683019,0.935394013732631,0.731106700605988
5.92492492492492,5.55897253248571,1774.53878972979,2242.45468309735,0.03022213848095,535.687669337382,5.64174615374911e-05,2600,62.0898110314703,0.781650252064699,0.93581720989073,0.731481757997572
5.92992992992993,5.56324192985098,1776.03780881218,2242.73679992256,0.0301555963745624,534.33005682323,5.64362719062585e-05,2600,62.3239983624971,0.781696368560639,0.936240318442789,0.731855657026785
5.93493493493493,5.56751082421973,1777.53682789456,2243.0183409752,0.0300889980813079,532.971687638574,5.64551528330193e-05,2600,62.5589318116498,0.78174127290276,0.936663340074509,0.732228391751198
5.93993993993994,5.5717792160359,1779.03584697695,2243.29930779836,0.0300223436011867,531.61256344044,5.64741047632338e-05,2600,62.7946132625802,0.781784959755519,0.937086275479094,0.732599956162873
5.94494494494494,5.57604710574284,1780.53486605934,2243.57970193017,0.0299556329341986,530.252685880467,5.64931281478721e-05,2600,63.0310446023553,0.781827423715072,0.937509125357361,0.732970344187517
5.94994994994995,5.58031449378326,1782.03388514172,2243.8595249037,0.0298888660803437,528.892056604928,5.65122234434882e-05,2600,63.2682277214609,0.781868659308448,0.937931890417827,0.733339549683625
5.95495495495495,5.58458138059927,1783.53290422411,2244.13877824709,0.0298220430396219,527.530677254747,5.65313911122949e-05,2600,63.5061645138048,0.781908660992681,0.938354571376818,0.733707566441609
5.95995995995996,5.58884776663236,1785.0319233065,2244.41746348348,0.0297551638120333,526.168549465523,5.65506316222403e-05,2600,63.7448568767211,0.78194742315395,0.938777168958571,0.734074388182914
5.96496496496496,5.59311365232341,1786.53094238889,2244.69558213109,0.0296882283975779,524.805674867548,5.65699454470852e-05,2600,63.9843067109735,0.78198494010669,0.93919968389534,0.73444000855912
5.96996996996997,5.5973790381127,1788.02996147127,2244.9731357032,0.0296212367962557,523.442055085826,5.65893330664821e-05,2600,64.2245159207585,0.782021206092706,0.939622116927499,0.734804421151025
5.97497497497497,5.60164392443988,1789.52898055366,2245.25012570819,0.0295541890080666,522.077691740097,5.66087949660554e-05,2600,64.4654864137093,0.782056215280256,0.940044468803658,0.735167619467727
5.97997997997998,5.605908311744,1791.02799963605,2245.52655364954,0.0294870850330107,520.712586444846,5.66283316374839e-05,2600,64.7072201008994,0.782089961763123,0.940466740280764,0.735529596945671
5.98498498498498,5.6101722004635,1792.52701871843,2245.80242102588,0.029419924871088,519.346740809336,5.66479435785825e-05,2600,64.9497188968464,0.782122439559688,0.94088893212422,0.735890346947704
5.98998998998999,5.61443559103621,1794.02603780082,2246.07772933096,0.0293527085222984,517.980156437621,5.66676312933877e-05,2600,65.192984719515,0.782153642611963,0.941311045107999,0.736249862762096
5.99499499499499,5.61869848389936,1795.52505688321,2246.35248005372,0.029285435986642,516.612834928563,5.66873952922436e-05,2600,65.4370194903209,0.782183564784625,0.941733080014762,0.736608137601552
6,5.62296087948957,1797.02407596559,2246.62667467827,0.0292181072641188,515.244777875856,5.67072360918884e-05,2600,65.6818251341347,0.782212199864036,0.942155037635969,0.736965164602215
